item_id,machine_proxy_answer_validity,machine_proxy_blueprint_relevance,machine_proxy_cognitive_feedback,machine_proxy_item_design,machine_proxy_presentation_clarity,machine_proxy_quality_score,paper,paper_item_no,qgeval_score_5,qgeval_total,qgeval_一致性,qgeval_可回答性,qgeval_流畅性,qgeval_清晰度,qgeval_相关性,qgeval_答案一致性,qgeval_简洁性,rater_id,rater_phase,source_true,ulm_score_5,ulm_total,ulm_侧重性,ulm_公平性,ulm_反馈性,ulm_可解性,ulm_完整性,ulm_思维性,ulm_排他性,ulm_明确性,ulm_正确性,ulm_流畅性,ulm_目标性,ulm_答案解析专门评分,ulm_绝对性,ulm_综合性,ulm_迷惑性,ulm_防猜性
M001,5.0,4.75,2.5,4.333333333333333,4.777777777777778,4.272222222222222,M,1,5.0,35.0,5.0,5.0,5.0,5.0,5.0,5.0,5.0,machine_run_1,machine_annotation,MAS,3.9375,63.0,4.0,3.0,4.0,5.0,5.0,1.0,5.0,3.0,5.0,5.0,5.0,4.0,5.0,1.0,4.0,4.0
M002,5.0,4.5,2.0,3.6666666666666665,4.777777777777778,3.9888888888888885,M,2,5.0,35.0,5.0,5.0,5.0,5.0,5.0,5.0,5.0,machine_run_1,machine_annotation,MAS,3.625,58.0,4.0,3.0,3.0,5.0,3.0,1.0,5.0,3.0,5.0,5.0,4.0,3.0,5.0,1.0,4.0,4.0
M003,5.0,4.75,3.6666666666666665,4.333333333333333,4.777777777777778,4.5055555555555555,M,3,5.0,35.0,5.0,5.0,5.0,5.0,5.0,5.0,5.0,machine_run_1,machine_annotation,MAS,4.1875,67.0,4.0,3.0,4.0,5.0,5.0,3.0,5.0,3.0,5.0,5.0,5.0,4.0,5.0,3.0,4.0,4.0
M004,5.0,4.75,3.9166666666666665,5.0,4.777777777777778,4.688888888888888,M,4,5.0,35.0,5.0,5.0,5.0,5.0,5.0,5.0,5.0,machine_run_1,machine_annotation,MAS,4.375,70.0,4.0,3.0,4.0,5.0,5.0,3.0,5.0,3.0,5.0,5.0,5.0,4.0,5.0,4.0,5.0,5.0
M005,5.0,4.75,3.9166666666666665,5.0,4.777777777777778,4.688888888888888,M,5,5.0,35.0,5.0,5.0,5.0,5.0,5.0,5.0,5.0,machine_run_1,machine_annotation,MAS,4.375,70.0,4.0,3.0,4.0,5.0,5.0,3.0,5.0,3.0,5.0,5.0,5.0,4.0,5.0,4.0,5.0,5.0
M006,5.0,4.5,3.083333333333333,3.6666666666666665,4.777777777777778,4.205555555555556,M,6,5.0,35.0,5.0,5.0,5.0,5.0,5.0,5.0,5.0,machine_run_1,machine_annotation,MAS,3.875,62.0,4.0,3.0,4.0,5.0,3.0,2.0,5.0,3.0,5.0,5.0,4.0,4.0,5.0,2.0,4.0,4.0
M007,5.0,4.75,2.5,4.333333333333333,4.611111111111112,4.238888888888889,M,7,5.0,35.0,5.0,5.0,5.0,5.0,5.0,5.0,5.0,machine_run_1,machine_annotation,MAS,3.875,62.0,4.0,3.0,4.0,5.0,5.0,1.0,4.0,3.0,5.0,5.0,5.0,4.0,5.0,1.0,4.0,4.0
M008,5.0,4.75,3.9166666666666665,5.0,4.777777777777778,4.688888888888888,M,8,5.0,35.0,5.0,5.0,5.0,5.0,5.0,5.0,5.0,machine_run_1,machine_annotation,MAS,4.375,70.0,4.0,3.0,4.0,5.0,5.0,3.0,5.0,3.0,5.0,5.0,5.0,4.0,5.0,4.0,5.0,5.0
M009,5.0,4.75,3.9166666666666665,5.0,4.777777777777778,4.688888888888888,M,9,5.0,35.0,5.0,5.0,5.0,5.0,5.0,5.0,5.0,machine_run_1,machine_annotation,MAS,4.375,70.0,4.0,3.0,4.0,5.0,5.0,3.0,5.0,3.0,5.0,5.0,5.0,4.0,5.0,4.0,5.0,5.0
M010,4.833333333333333,5.0,4.5,4.333333333333333,4.777777777777778,4.688888888888888,M,10,5.0,35.0,5.0,5.0,5.0,5.0,5.0,5.0,5.0,machine_run_1,machine_annotation,MAS,4.375,70.0,5.0,3.0,4.0,5.0,5.0,4.0,5.0,3.0,5.0,5.0,5.0,4.0,4.0,5.0,4.0,4.0
M011,5.0,4.75,4.25,4.333333333333333,4.777777777777778,4.622222222222222,M,11,5.0,35.0,5.0,5.0,5.0,5.0,5.0,5.0,5.0,machine_run_1,machine_annotation,MAS,4.3125,69.0,4.0,3.0,4.0,5.0,5.0,4.0,5.0,3.0,5.0,5.0,5.0,4.0,5.0,4.0,4.0,4.0
M012,5.0,4.75,3.6666666666666665,4.666666666666667,4.777777777777778,4.572222222222222,M,12,5.0,35.0,5.0,5.0,5.0,5.0,5.0,5.0,5.0,machine_run_1,machine_annotation,MAS,4.25,68.0,4.0,3.0,4.0,5.0,5.0,3.0,5.0,3.0,5.0,5.0,5.0,4.0,5.0,3.0,5.0,4.0
M013,5.0,4.75,3.6666666666666665,5.0,4.777777777777778,4.638888888888888,M,13,5.0,35.0,5.0,5.0,5.0,5.0,5.0,5.0,5.0,machine_run_1,machine_annotation,MAS,4.3125,69.0,4.0,3.0,4.0,5.0,5.0,3.0,5.0,3.0,5.0,5.0,5.0,4.0,5.0,3.0,5.0,5.0
M014,5.0,4.75,3.9166666666666665,4.333333333333333,4.611111111111112,4.522222222222222,M,14,4.857142857142857,34.0,5.0,5.0,5.0,5.0,5.0,5.0,4.0,machine_run_1,machine_annotation,MAS,4.25,68.0,4.0,3.0,4.0,5.0,5.0,3.0,5.0,3.0,5.0,5.0,5.0,4.0,5.0,4.0,4.0,4.0
M015,5.0,4.5,2.833333333333333,4.333333333333333,4.611111111111112,4.2555555555555555,M,15,5.0,35.0,5.0,5.0,5.0,5.0,5.0,5.0,5.0,machine_run_1,machine_annotation,MAS,3.875,62.0,4.0,3.0,4.0,5.0,5.0,2.0,4.0,3.0,5.0,5.0,4.0,4.0,5.0,1.0,4.0,4.0
M016,5.0,4.5,2.833333333333333,4.333333333333333,4.611111111111112,4.2555555555555555,M,16,5.0,35.0,5.0,5.0,5.0,5.0,5.0,5.0,5.0,machine_run_1,machine_annotation,MAS,3.875,62.0,4.0,3.0,4.0,5.0,5.0,2.0,4.0,3.0,5.0,5.0,4.0,4.0,5.0,1.0,4.0,4.0
M017,5.0,4.5,2.0,3.6666666666666665,4.777777777777778,3.9888888888888885,M,17,5.0,35.0,5.0,5.0,5.0,5.0,5.0,5.0,5.0,machine_run_1,machine_annotation,MAS,3.625,58.0,4.0,3.0,3.0,5.0,3.0,1.0,5.0,3.0,5.0,5.0,4.0,3.0,5.0,1.0,4.0,4.0
M018,5.0,4.25,2.833333333333333,4.0,4.611111111111112,4.138888888888888,M,18,5.0,35.0,5.0,5.0,5.0,5.0,5.0,5.0,5.0,machine_run_1,machine_annotation,MAS,3.75,60.0,3.0,3.0,4.0,5.0,5.0,2.0,4.0,3.0,5.0,5.0,4.0,4.0,5.0,1.0,3.0,4.0
M019,5.0,4.5,2.833333333333333,4.333333333333333,4.611111111111112,4.2555555555555555,M,19,5.0,35.0,5.0,5.0,5.0,5.0,5.0,5.0,5.0,machine_run_1,machine_annotation,MAS,3.875,62.0,4.0,3.0,4.0,5.0,5.0,2.0,4.0,3.0,5.0,5.0,4.0,4.0,5.0,1.0,4.0,4.0
M020,5.0,4.75,3.1666666666666665,4.0,4.777777777777778,4.338888888888889,M,20,5.0,35.0,5.0,5.0,5.0,5.0,5.0,5.0,5.0,machine_run_1,machine_annotation,MAS,4.0,64.0,4.0,3.0,3.0,5.0,5.0,3.0,5.0,3.0,5.0,5.0,5.0,3.0,5.0,3.0,3.0,4.0
M021,5.0,4.75,4.25,4.333333333333333,4.777777777777778,4.622222222222222,M,21,5.0,35.0,5.0,5.0,5.0,5.0,5.0,5.0,5.0,machine_run_1,machine_annotation,MAS,4.3125,69.0,4.0,3.0,4.0,5.0,5.0,4.0,5.0,3.0,5.0,5.0,5.0,4.0,5.0,4.0,4.0,4.0
M022,5.0,4.5,3.1666666666666665,4.333333333333333,4.611111111111112,4.322222222222222,M,22,5.0,35.0,5.0,5.0,5.0,5.0,5.0,5.0,5.0,machine_run_1,machine_annotation,MAS,3.9375,63.0,4.0,3.0,4.0,5.0,5.0,3.0,4.0,3.0,5.0,5.0,4.0,4.0,5.0,1.0,4.0,4.0
M023,5.0,4.5,3.083333333333333,3.6666666666666665,4.777777777777778,4.205555555555556,M,23,5.0,35.0,5.0,5.0,5.0,5.0,5.0,5.0,5.0,machine_run_1,machine_annotation,MAS,3.875,62.0,4.0,3.0,4.0,5.0,3.0,2.0,5.0,3.0,5.0,5.0,4.0,4.0,5.0,2.0,4.0,4.0
M024,5.0,4.75,2.5,4.333333333333333,4.611111111111112,4.238888888888889,M,24,5.0,35.0,5.0,5.0,5.0,5.0,5.0,5.0,5.0,machine_run_1,machine_annotation,MAS,3.875,62.0,4.0,3.0,4.0,5.0,5.0,1.0,4.0,3.0,5.0,5.0,5.0,4.0,5.0,1.0,4.0,4.0
M025,5.0,4.75,3.9166666666666665,4.0,4.777777777777778,4.488888888888889,M,25,5.0,35.0,5.0,5.0,5.0,5.0,5.0,5.0,5.0,machine_run_1,machine_annotation,MAS,4.1875,67.0,4.0,3.0,4.0,5.0,5.0,3.0,5.0,3.0,5.0,5.0,5.0,4.0,5.0,4.0,3.0,4.0
M026,5.0,4.75,4.25,4.333333333333333,4.777777777777778,4.622222222222222,M,26,5.0,35.0,5.0,5.0,5.0,5.0,5.0,5.0,5.0,machine_run_1,machine_annotation,MAS,4.3125,69.0,4.0,3.0,4.0,5.0,5.0,4.0,5.0,3.0,5.0,5.0,5.0,4.0,5.0,4.0,4.0,4.0
M027,5.0,4.75,4.25,4.333333333333333,4.777777777777778,4.622222222222222,M,27,5.0,35.0,5.0,5.0,5.0,5.0,5.0,5.0,5.0,machine_run_1,machine_annotation,MAS,4.3125,69.0,4.0,3.0,4.0,5.0,5.0,4.0,5.0,3.0,5.0,5.0,5.0,4.0,5.0,4.0,4.0,4.0
M028,5.0,4.75,4.25,4.333333333333333,4.777777777777778,4.622222222222222,M,28,5.0,35.0,5.0,5.0,5.0,5.0,5.0,5.0,5.0,machine_run_1,machine_annotation,MAS,4.3125,69.0,4.0,3.0,4.0,5.0,5.0,4.0,5.0,3.0,5.0,5.0,5.0,4.0,5.0,4.0,4.0,4.0
M029,5.0,5.0,3.333333333333333,3.6666666666666665,4.777777777777778,4.355555555555556,M,29,5.0,35.0,5.0,5.0,5.0,5.0,5.0,5.0,5.0,machine_run_1,machine_annotation,MAS,4.0625,65.0,5.0,3.0,4.0,5.0,3.0,2.0,5.0,3.0,5.0,5.0,5.0,4.0,5.0,3.0,4.0,4.0
M030,5.0,5.0,3.333333333333333,3.6666666666666665,4.777777777777778,4.355555555555556,M,30,5.0,35.0,5.0,5.0,5.0,5.0,5.0,5.0,5.0,machine_run_1,machine_annotation,MAS,4.0625,65.0,5.0,3.0,4.0,5.0,3.0,2.0,5.0,3.0,5.0,5.0,5.0,4.0,5.0,3.0,4.0,4.0
M031,5.0,5.0,3.333333333333333,3.6666666666666665,4.777777777777778,4.355555555555556,M,31,5.0,35.0,5.0,5.0,5.0,5.0,5.0,5.0,5.0,machine_run_1,machine_annotation,MAS,4.0625,65.0,5.0,3.0,4.0,5.0,3.0,2.0,5.0,3.0,5.0,5.0,5.0,4.0,5.0,3.0,4.0,4.0
M032,5.0,5.0,3.6666666666666665,3.6666666666666665,4.777777777777778,4.4222222222222225,M,32,5.0,35.0,5.0,5.0,5.0,5.0,5.0,5.0,5.0,machine_run_1,machine_annotation,MAS,4.125,66.0,5.0,3.0,4.0,5.0,3.0,3.0,5.0,3.0,5.0,5.0,5.0,4.0,5.0,3.0,4.0,4.0
M033,5.0,5.0,3.6666666666666665,3.6666666666666665,4.777777777777778,4.4222222222222225,M,33,5.0,35.0,5.0,5.0,5.0,5.0,5.0,5.0,5.0,machine_run_1,machine_annotation,MAS,4.125,66.0,5.0,3.0,4.0,5.0,3.0,3.0,5.0,3.0,5.0,5.0,5.0,4.0,5.0,3.0,4.0,4.0
M034,5.0,5.0,3.6666666666666665,3.6666666666666665,4.777777777777778,4.4222222222222225,M,34,5.0,35.0,5.0,5.0,5.0,5.0,5.0,5.0,5.0,machine_run_1,machine_annotation,MAS,4.125,66.0,5.0,3.0,4.0,5.0,3.0,3.0,5.0,3.0,5.0,5.0,5.0,4.0,5.0,3.0,4.0,4.0
M035,5.0,5.0,4.25,4.333333333333333,4.777777777777778,4.6722222222222225,M,35,5.0,35.0,5.0,5.0,5.0,5.0,5.0,5.0,5.0,machine_run_1,machine_annotation,MAS,4.375,70.0,5.0,3.0,4.0,5.0,5.0,4.0,5.0,3.0,5.0,5.0,5.0,4.0,5.0,4.0,4.0,4.0
M036,5.0,5.0,4.25,4.333333333333333,4.777777777777778,4.6722222222222225,M,36,5.0,35.0,5.0,5.0,5.0,5.0,5.0,5.0,5.0,machine_run_1,machine_annotation,MAS,4.375,70.0,5.0,3.0,4.0,5.0,5.0,4.0,5.0,3.0,5.0,5.0,5.0,4.0,5.0,4.0,4.0,4.0
M037,5.0,5.0,4.25,4.333333333333333,4.777777777777778,4.6722222222222225,M,37,5.0,35.0,5.0,5.0,5.0,5.0,5.0,5.0,5.0,machine_run_1,machine_annotation,MAS,4.375,70.0,5.0,3.0,4.0,5.0,5.0,4.0,5.0,3.0,5.0,5.0,5.0,4.0,5.0,4.0,4.0,4.0
M038,5.0,5.0,3.333333333333333,3.6666666666666665,4.777777777777778,4.355555555555556,M,38,5.0,35.0,5.0,5.0,5.0,5.0,5.0,5.0,5.0,machine_run_1,machine_annotation,MAS,4.0625,65.0,5.0,3.0,4.0,5.0,3.0,2.0,5.0,3.0,5.0,5.0,5.0,4.0,5.0,3.0,4.0,4.0
M039,5.0,5.0,3.333333333333333,3.6666666666666665,4.777777777777778,4.355555555555556,M,39,5.0,35.0,5.0,5.0,5.0,5.0,5.0,5.0,5.0,machine_run_1,machine_annotation,MAS,4.0625,65.0,5.0,3.0,4.0,5.0,3.0,2.0,5.0,3.0,5.0,5.0,5.0,4.0,5.0,3.0,4.0,4.0
M040,5.0,5.0,3.333333333333333,3.6666666666666665,4.777777777777778,4.355555555555556,M,40,5.0,35.0,5.0,5.0,5.0,5.0,5.0,5.0,5.0,machine_run_1,machine_annotation,MAS,4.0625,65.0,5.0,3.0,4.0,5.0,3.0,2.0,5.0,3.0,5.0,5.0,5.0,4.0,5.0,3.0,4.0,4.0
M041,5.0,4.75,3.083333333333333,4.333333333333333,4.611111111111112,4.355555555555556,M,41,5.0,35.0,5.0,5.0,5.0,5.0,5.0,5.0,5.0,machine_run_1,machine_annotation,MAS,4.0,64.0,4.0,3.0,4.0,5.0,5.0,2.0,5.0,3.0,5.0,4.0,5.0,4.0,5.0,2.0,4.0,4.0
M042,5.0,4.75,3.083333333333333,4.333333333333333,4.611111111111112,4.355555555555556,M,42,5.0,35.0,5.0,5.0,5.0,5.0,5.0,5.0,5.0,machine_run_1,machine_annotation,MAS,4.0,64.0,4.0,3.0,4.0,5.0,5.0,2.0,5.0,3.0,5.0,4.0,5.0,4.0,5.0,2.0,4.0,4.0
M043,5.0,4.75,2.833333333333333,3.0,5.0,4.116666666666666,M,43,5.0,35.0,5.0,5.0,5.0,5.0,5.0,5.0,5.0,machine_run_1,machine_annotation,MAS,3.8125,61.0,4.0,3.0,4.0,5.0,1.0,2.0,5.0,4.0,5.0,5.0,5.0,3.0,5.0,2.0,4.0,4.0
M044,5.0,4.75,2.833333333333333,3.0,5.0,4.116666666666666,M,44,5.0,35.0,5.0,5.0,5.0,5.0,5.0,5.0,5.0,machine_run_1,machine_annotation,MAS,3.8125,61.0,4.0,3.0,4.0,5.0,1.0,2.0,5.0,4.0,5.0,5.0,5.0,3.0,5.0,2.0,4.0,4.0
M045,4.666666666666667,4.75,2.583333333333333,4.333333333333333,4.777777777777778,4.222222222222222,M,45,5.0,35.0,5.0,5.0,5.0,5.0,5.0,5.0,5.0,machine_run_1,machine_annotation,MAS,3.8125,61.0,4.0,3.0,2.0,3.0,5.0,2.0,5.0,3.0,5.0,5.0,5.0,3.0,5.0,3.0,4.0,4.0
M046,5.0,4.5,3.333333333333333,4.333333333333333,4.444444444444445,4.322222222222222,M,46,5.0,35.0,5.0,5.0,5.0,5.0,5.0,5.0,5.0,machine_run_1,machine_annotation,MAS,3.9375,63.0,4.0,3.0,4.0,5.0,5.0,2.0,4.0,3.0,5.0,4.0,4.0,4.0,5.0,3.0,4.0,4.0
M047,5.0,4.75,4.25,5.0,4.777777777777778,4.7555555555555555,M,47,5.0,35.0,5.0,5.0,5.0,5.0,5.0,5.0,5.0,machine_run_1,machine_annotation,MAS,4.4375,71.0,4.0,3.0,4.0,5.0,5.0,4.0,5.0,3.0,5.0,5.0,5.0,4.0,5.0,4.0,5.0,5.0
M048,5.0,4.75,4.25,5.0,4.777777777777778,4.7555555555555555,M,48,5.0,35.0,5.0,5.0,5.0,5.0,5.0,5.0,5.0,machine_run_1,machine_annotation,MAS,4.4375,71.0,4.0,3.0,4.0,5.0,5.0,4.0,5.0,3.0,5.0,5.0,5.0,4.0,5.0,4.0,5.0,5.0
M049,5.0,4.75,2.833333333333333,3.0,5.0,4.116666666666666,M,49,5.0,35.0,5.0,5.0,5.0,5.0,5.0,5.0,5.0,machine_run_1,machine_annotation,MAS,3.8125,61.0,4.0,3.0,4.0,5.0,1.0,2.0,5.0,4.0,5.0,5.0,5.0,3.0,5.0,2.0,4.0,4.0
M050,5.0,4.5,3.4166666666666665,4.333333333333333,4.777777777777778,4.405555555555556,M,50,5.0,35.0,5.0,5.0,5.0,5.0,5.0,5.0,5.0,machine_run_1,machine_annotation,MAS,4.0625,65.0,4.0,3.0,4.0,5.0,5.0,3.0,5.0,3.0,5.0,5.0,4.0,4.0,5.0,2.0,4.0,4.0
M001,5.0,4.75,2.5,4.333333333333333,4.777777777777778,4.272222222222222,M,1,5.0,35.0,5.0,5.0,5.0,5.0,5.0,5.0,5.0,machine_run_2,machine_annotation,MAS,3.9375,63.0,4.0,3.0,4.0,5.0,5.0,1.0,5.0,3.0,5.0,5.0,5.0,4.0,5.0,1.0,4.0,4.0
M002,5.0,4.5,2.0,3.3333333333333335,4.777777777777778,3.922222222222222,M,2,5.0,35.0,5.0,5.0,5.0,5.0,5.0,5.0,5.0,machine_run_2,machine_annotation,MAS,3.5625,57.0,4.0,3.0,3.0,5.0,3.0,1.0,5.0,3.0,5.0,5.0,4.0,3.0,5.0,1.0,3.0,4.0
M003,5.0,4.75,3.6666666666666665,4.0,4.777777777777778,4.438888888888888,M,3,5.0,35.0,5.0,5.0,5.0,5.0,5.0,5.0,5.0,machine_run_2,machine_annotation,MAS,4.125,66.0,4.0,3.0,4.0,5.0,5.0,3.0,5.0,3.0,5.0,5.0,5.0,4.0,5.0,3.0,4.0,3.0
M004,5.0,4.75,3.9166666666666665,5.0,4.777777777777778,4.688888888888888,M,4,5.0,35.0,5.0,5.0,5.0,5.0,5.0,5.0,5.0,machine_run_2,machine_annotation,MAS,4.375,70.0,4.0,3.0,4.0,5.0,5.0,3.0,5.0,3.0,5.0,5.0,5.0,4.0,5.0,4.0,5.0,5.0
M005,4.833333333333333,4.75,3.9166666666666665,5.0,4.777777777777778,4.655555555555556,M,5,4.857142857142857,34.0,5.0,5.0,5.0,5.0,5.0,4.0,5.0,machine_run_2,machine_annotation,MAS,4.375,70.0,4.0,3.0,4.0,5.0,5.0,3.0,5.0,3.0,5.0,5.0,5.0,4.0,5.0,4.0,5.0,5.0
M006,5.0,4.5,2.833333333333333,4.333333333333333,4.611111111111112,4.2555555555555555,M,6,4.857142857142857,34.0,5.0,5.0,5.0,5.0,5.0,5.0,4.0,machine_run_2,machine_annotation,MAS,3.9375,63.0,4.0,3.0,3.0,5.0,5.0,2.0,5.0,3.0,5.0,5.0,4.0,4.0,5.0,2.0,4.0,4.0
M007,5.0,4.5,2.5,4.333333333333333,4.611111111111112,4.188888888888888,M,7,5.0,35.0,5.0,5.0,5.0,5.0,5.0,5.0,5.0,machine_run_2,machine_annotation,MAS,3.8125,61.0,3.0,3.0,4.0,5.0,5.0,1.0,4.0,3.0,5.0,5.0,5.0,4.0,5.0,1.0,4.0,4.0
M008,5.0,4.75,3.9166666666666665,5.0,4.777777777777778,4.688888888888888,M,8,5.0,35.0,5.0,5.0,5.0,5.0,5.0,5.0,5.0,machine_run_2,machine_annotation,MAS,4.375,70.0,4.0,3.0,4.0,5.0,5.0,3.0,5.0,3.0,5.0,5.0,5.0,4.0,5.0,4.0,5.0,5.0
M009,5.0,4.75,4.25,4.333333333333333,4.777777777777778,4.622222222222222,M,9,5.0,35.0,5.0,5.0,5.0,5.0,5.0,5.0,5.0,machine_run_2,machine_annotation,MAS,4.3125,69.0,4.0,3.0,4.0,5.0,5.0,4.0,5.0,3.0,5.0,5.0,5.0,4.0,5.0,4.0,4.0,4.0
M010,4.833333333333333,5.0,4.5,3.6666666666666665,4.777777777777778,4.555555555555555,M,10,5.0,35.0,5.0,5.0,5.0,5.0,5.0,5.0,5.0,machine_run_2,machine_annotation,MAS,4.25,68.0,5.0,3.0,4.0,5.0,3.0,4.0,5.0,3.0,5.0,5.0,5.0,4.0,4.0,5.0,4.0,4.0
M011,5.0,4.75,4.5,4.333333333333333,4.777777777777778,4.6722222222222225,M,11,5.0,35.0,5.0,5.0,5.0,5.0,5.0,5.0,5.0,machine_run_2,machine_annotation,MAS,4.375,70.0,4.0,3.0,4.0,5.0,5.0,4.0,5.0,3.0,5.0,5.0,5.0,5.0,5.0,4.0,4.0,4.0
M012,5.0,4.75,3.6666666666666665,4.666666666666667,4.611111111111112,4.53888888888889,M,12,4.857142857142857,34.0,5.0,5.0,5.0,4.0,5.0,5.0,5.0,machine_run_2,machine_annotation,MAS,4.25,68.0,4.0,3.0,4.0,5.0,5.0,3.0,5.0,3.0,5.0,5.0,5.0,4.0,5.0,3.0,5.0,4.0
M013,5.0,4.75,3.6666666666666665,5.0,5.0,4.683333333333334,M,13,5.0,35.0,5.0,5.0,5.0,5.0,5.0,5.0,5.0,machine_run_2,machine_annotation,MAS,4.375,70.0,4.0,3.0,4.0,5.0,5.0,3.0,5.0,4.0,5.0,5.0,5.0,4.0,5.0,3.0,5.0,5.0
M014,5.0,4.75,3.9166666666666665,4.333333333333333,4.611111111111112,4.522222222222222,M,14,4.857142857142857,34.0,5.0,5.0,5.0,5.0,5.0,5.0,4.0,machine_run_2,machine_annotation,MAS,4.25,68.0,4.0,3.0,4.0,5.0,5.0,3.0,5.0,3.0,5.0,5.0,5.0,4.0,5.0,4.0,4.0,4.0
M015,5.0,4.5,2.583333333333333,4.0,4.611111111111112,4.138888888888888,M,15,5.0,35.0,5.0,5.0,5.0,5.0,5.0,5.0,5.0,machine_run_2,machine_annotation,MAS,3.75,60.0,4.0,3.0,3.0,5.0,5.0,2.0,4.0,3.0,5.0,5.0,4.0,4.0,5.0,1.0,4.0,3.0
M016,5.0,4.5,2.833333333333333,4.0,4.611111111111112,4.188888888888888,M,16,5.0,35.0,5.0,5.0,5.0,5.0,5.0,5.0,5.0,machine_run_2,machine_annotation,MAS,3.8125,61.0,4.0,3.0,4.0,5.0,5.0,2.0,4.0,3.0,5.0,5.0,4.0,4.0,5.0,1.0,3.0,4.0
M017,5.0,4.25,2.0,3.6666666666666665,4.611111111111112,3.905555555555556,M,17,4.857142857142857,34.0,5.0,5.0,5.0,5.0,4.0,5.0,5.0,machine_run_2,machine_annotation,MAS,3.5625,57.0,4.0,3.0,3.0,5.0,3.0,1.0,4.0,3.0,5.0,5.0,4.0,3.0,5.0,1.0,4.0,4.0
M018,5.0,4.25,2.833333333333333,4.0,4.611111111111112,4.138888888888888,M,18,5.0,35.0,5.0,5.0,5.0,5.0,5.0,5.0,5.0,machine_run_2,machine_annotation,MAS,3.75,60.0,3.0,3.0,4.0,5.0,5.0,2.0,4.0,3.0,5.0,5.0,4.0,4.0,5.0,1.0,3.0,4.0
M019,5.0,4.5,2.833333333333333,4.333333333333333,4.611111111111112,4.2555555555555555,M,19,5.0,35.0,5.0,5.0,5.0,5.0,5.0,5.0,5.0,machine_run_2,machine_annotation,MAS,3.875,62.0,4.0,3.0,4.0,5.0,5.0,2.0,4.0,3.0,5.0,5.0,4.0,4.0,5.0,1.0,4.0,4.0
M020,5.0,4.5,3.1666666666666665,4.0,4.777777777777778,4.288888888888889,M,20,5.0,35.0,5.0,5.0,5.0,5.0,5.0,5.0,5.0,machine_run_2,machine_annotation,MAS,3.9375,63.0,3.0,3.0,3.0,5.0,5.0,3.0,5.0,3.0,5.0,5.0,5.0,3.0,5.0,3.0,3.0,4.0
M021,5.0,4.75,4.5,4.0,4.777777777777778,4.605555555555556,M,21,5.0,35.0,5.0,5.0,5.0,5.0,5.0,5.0,5.0,machine_run_2,machine_annotation,MAS,4.3125,69.0,4.0,3.0,4.0,5.0,5.0,4.0,5.0,3.0,5.0,5.0,5.0,4.0,5.0,5.0,4.0,3.0
M022,4.833333333333333,4.5,3.1666666666666665,4.333333333333333,4.444444444444445,4.2555555555555555,M,22,4.714285714285714,33.0,5.0,5.0,5.0,5.0,5.0,4.0,4.0,machine_run_2,machine_annotation,MAS,3.9375,63.0,4.0,3.0,4.0,5.0,5.0,3.0,4.0,3.0,5.0,5.0,4.0,4.0,5.0,1.0,4.0,4.0
M023,5.0,4.5,3.083333333333333,3.3333333333333335,4.777777777777778,4.138888888888888,M,23,5.0,35.0,5.0,5.0,5.0,5.0,5.0,5.0,5.0,machine_run_2,machine_annotation,MAS,3.8125,61.0,4.0,3.0,4.0,5.0,3.0,2.0,5.0,3.0,5.0,5.0,4.0,4.0,5.0,2.0,3.0,4.0
M024,5.0,4.75,2.25,4.333333333333333,4.611111111111112,4.188888888888888,M,24,5.0,35.0,5.0,5.0,5.0,5.0,5.0,5.0,5.0,machine_run_2,machine_annotation,MAS,3.8125,61.0,4.0,3.0,3.0,5.0,5.0,1.0,4.0,3.0,5.0,5.0,5.0,4.0,5.0,1.0,4.0,4.0
M025,5.0,4.75,4.166666666666667,4.0,4.611111111111112,4.5055555555555555,M,25,4.857142857142857,34.0,5.0,5.0,5.0,4.0,5.0,5.0,5.0,machine_run_2,machine_annotation,MAS,4.25,68.0,4.0,3.0,4.0,5.0,5.0,3.0,5.0,3.0,5.0,5.0,5.0,5.0,5.0,4.0,3.0,4.0
M026,5.0,4.75,4.25,4.333333333333333,4.777777777777778,4.622222222222222,M,26,5.0,35.0,5.0,5.0,5.0,5.0,5.0,5.0,5.0,machine_run_2,machine_annotation,MAS,4.3125,69.0,4.0,3.0,4.0,5.0,5.0,4.0,5.0,3.0,5.0,5.0,5.0,4.0,5.0,4.0,4.0,4.0
M027,5.0,4.75,4.25,4.333333333333333,4.777777777777778,4.622222222222222,M,27,5.0,35.0,5.0,5.0,5.0,5.0,5.0,5.0,5.0,machine_run_2,machine_annotation,MAS,4.3125,69.0,4.0,3.0,4.0,5.0,5.0,4.0,5.0,3.0,5.0,5.0,5.0,4.0,5.0,4.0,4.0,4.0
M028,5.0,4.75,4.25,4.333333333333333,4.777777777777778,4.622222222222222,M,28,5.0,35.0,5.0,5.0,5.0,5.0,5.0,5.0,5.0,machine_run_2,machine_annotation,MAS,4.3125,69.0,4.0,3.0,4.0,5.0,5.0,4.0,5.0,3.0,5.0,5.0,5.0,4.0,5.0,4.0,4.0,4.0
M029,5.0,5.0,3.333333333333333,4.0,4.611111111111112,4.388888888888888,M,29,5.0,35.0,5.0,5.0,5.0,5.0,5.0,5.0,5.0,machine_run_2,machine_annotation,MAS,4.0625,65.0,5.0,3.0,4.0,5.0,5.0,2.0,4.0,3.0,5.0,5.0,5.0,4.0,5.0,3.0,4.0,3.0
M030,5.0,5.0,3.333333333333333,4.0,4.611111111111112,4.388888888888888,M,30,5.0,35.0,5.0,5.0,5.0,5.0,5.0,5.0,5.0,machine_run_2,machine_annotation,MAS,4.0625,65.0,5.0,3.0,4.0,5.0,5.0,2.0,4.0,3.0,5.0,5.0,5.0,4.0,5.0,3.0,4.0,3.0
M031,5.0,5.0,3.333333333333333,4.0,4.611111111111112,4.388888888888888,M,31,5.0,35.0,5.0,5.0,5.0,5.0,5.0,5.0,5.0,machine_run_2,machine_annotation,MAS,4.0625,65.0,5.0,3.0,4.0,5.0,5.0,2.0,4.0,3.0,5.0,5.0,5.0,4.0,5.0,3.0,4.0,3.0
M032,5.0,5.0,3.6666666666666665,3.6666666666666665,4.777777777777778,4.4222222222222225,M,32,5.0,35.0,5.0,5.0,5.0,5.0,5.0,5.0,5.0,machine_run_2,machine_annotation,MAS,4.125,66.0,5.0,3.0,4.0,5.0,3.0,3.0,5.0,3.0,5.0,5.0,5.0,4.0,5.0,3.0,4.0,4.0
M033,5.0,5.0,3.6666666666666665,3.6666666666666665,4.777777777777778,4.4222222222222225,M,33,5.0,35.0,5.0,5.0,5.0,5.0,5.0,5.0,5.0,machine_run_2,machine_annotation,MAS,4.125,66.0,5.0,3.0,4.0,5.0,3.0,3.0,5.0,3.0,5.0,5.0,5.0,4.0,5.0,3.0,4.0,4.0
M034,5.0,5.0,3.6666666666666665,3.6666666666666665,4.777777777777778,4.4222222222222225,M,34,5.0,35.0,5.0,5.0,5.0,5.0,5.0,5.0,5.0,machine_run_2,machine_annotation,MAS,4.125,66.0,5.0,3.0,4.0,5.0,3.0,3.0,5.0,3.0,5.0,5.0,5.0,4.0,5.0,3.0,4.0,4.0
M035,5.0,5.0,4.25,4.333333333333333,5.0,4.716666666666667,M,35,5.0,35.0,5.0,5.0,5.0,5.0,5.0,5.0,5.0,machine_run_2,machine_annotation,MAS,4.4375,71.0,5.0,3.0,4.0,5.0,5.0,4.0,5.0,4.0,5.0,5.0,5.0,4.0,5.0,4.0,4.0,4.0
M036,5.0,5.0,4.25,4.333333333333333,5.0,4.716666666666667,M,36,5.0,35.0,5.0,5.0,5.0,5.0,5.0,5.0,5.0,machine_run_2,machine_annotation,MAS,4.4375,71.0,5.0,3.0,4.0,5.0,5.0,4.0,5.0,4.0,5.0,5.0,5.0,4.0,5.0,4.0,4.0,4.0
M037,5.0,5.0,4.25,4.333333333333333,5.0,4.716666666666667,M,37,5.0,35.0,5.0,5.0,5.0,5.0,5.0,5.0,5.0,machine_run_2,machine_annotation,MAS,4.4375,71.0,5.0,3.0,4.0,5.0,5.0,4.0,5.0,4.0,5.0,5.0,5.0,4.0,5.0,4.0,4.0,4.0
M038,5.0,5.0,3.333333333333333,4.0,4.611111111111112,4.388888888888888,M,38,4.857142857142857,34.0,5.0,5.0,5.0,5.0,5.0,5.0,4.0,machine_run_2,machine_annotation,MAS,4.125,66.0,5.0,3.0,4.0,5.0,5.0,2.0,5.0,3.0,5.0,5.0,5.0,4.0,5.0,3.0,3.0,4.0
M039,5.0,5.0,3.333333333333333,4.0,4.611111111111112,4.388888888888888,M,39,4.857142857142857,34.0,5.0,5.0,5.0,5.0,5.0,5.0,4.0,machine_run_2,machine_annotation,MAS,4.125,66.0,5.0,3.0,4.0,5.0,5.0,2.0,5.0,3.0,5.0,5.0,5.0,4.0,5.0,3.0,3.0,4.0
M040,5.0,5.0,3.333333333333333,4.0,4.611111111111112,4.388888888888888,M,40,4.857142857142857,34.0,5.0,5.0,5.0,5.0,5.0,5.0,4.0,machine_run_2,machine_annotation,MAS,4.125,66.0,5.0,3.0,4.0,5.0,5.0,2.0,5.0,3.0,5.0,5.0,5.0,4.0,5.0,3.0,3.0,4.0
M041,5.0,4.75,3.083333333333333,4.333333333333333,4.611111111111112,4.355555555555556,M,41,5.0,35.0,5.0,5.0,5.0,5.0,5.0,5.0,5.0,machine_run_2,machine_annotation,MAS,4.0,64.0,4.0,3.0,4.0,5.0,5.0,2.0,5.0,3.0,5.0,4.0,5.0,4.0,5.0,2.0,4.0,4.0
M042,5.0,4.75,3.083333333333333,4.333333333333333,4.611111111111112,4.355555555555556,M,42,5.0,35.0,5.0,5.0,5.0,5.0,5.0,5.0,5.0,machine_run_2,machine_annotation,MAS,4.0,64.0,4.0,3.0,4.0,5.0,5.0,2.0,5.0,3.0,5.0,4.0,5.0,4.0,5.0,2.0,4.0,4.0
M043,5.0,4.75,3.083333333333333,3.0,5.0,4.166666666666666,M,43,5.0,35.0,5.0,5.0,5.0,5.0,5.0,5.0,5.0,machine_run_2,machine_annotation,MAS,3.875,62.0,4.0,3.0,4.0,5.0,1.0,2.0,5.0,4.0,5.0,5.0,5.0,3.0,5.0,3.0,4.0,4.0
M044,5.0,4.5,2.9166666666666665,3.3333333333333335,5.0,4.15,M,44,5.0,35.0,5.0,5.0,5.0,5.0,5.0,5.0,5.0,machine_run_2,machine_annotation,MAS,3.8125,61.0,3.0,3.0,3.0,5.0,3.0,3.0,5.0,4.0,5.0,5.0,5.0,3.0,5.0,2.0,4.0,3.0
M045,4.666666666666667,4.75,2.583333333333333,4.333333333333333,4.777777777777778,4.222222222222222,M,45,5.0,35.0,5.0,5.0,5.0,5.0,5.0,5.0,5.0,machine_run_2,machine_annotation,MAS,3.8125,61.0,4.0,3.0,2.0,3.0,5.0,2.0,5.0,3.0,5.0,5.0,5.0,3.0,5.0,3.0,4.0,4.0
M046,5.0,4.5,3.333333333333333,4.333333333333333,4.444444444444445,4.322222222222222,M,46,5.0,35.0,5.0,5.0,5.0,5.0,5.0,5.0,5.0,machine_run_2,machine_annotation,MAS,3.9375,63.0,4.0,3.0,4.0,5.0,5.0,2.0,4.0,3.0,5.0,4.0,4.0,4.0,5.0,3.0,4.0,4.0
M047,5.0,4.5,4.25,5.0,4.777777777777778,4.705555555555556,M,47,4.857142857142857,34.0,5.0,5.0,5.0,5.0,4.0,5.0,5.0,machine_run_2,machine_annotation,MAS,4.4375,71.0,4.0,3.0,4.0,5.0,5.0,4.0,5.0,3.0,5.0,5.0,5.0,4.0,5.0,4.0,5.0,5.0
M048,5.0,4.75,4.25,4.666666666666667,4.611111111111112,4.655555555555556,M,48,5.0,35.0,5.0,5.0,5.0,5.0,5.0,5.0,5.0,machine_run_2,machine_annotation,MAS,4.3125,69.0,4.0,3.0,4.0,5.0,5.0,4.0,4.0,3.0,5.0,5.0,5.0,4.0,5.0,4.0,4.0,5.0
M049,5.0,4.75,2.833333333333333,3.0,4.666666666666667,4.05,M,49,4.714285714285714,33.0,5.0,5.0,5.0,4.0,5.0,5.0,4.0,machine_run_2,machine_annotation,MAS,3.8125,61.0,4.0,3.0,4.0,5.0,1.0,2.0,5.0,4.0,5.0,5.0,5.0,3.0,5.0,2.0,4.0,4.0
M050,4.833333333333333,4.5,3.6666666666666665,4.0,4.777777777777778,4.355555555555556,M,50,4.857142857142857,34.0,5.0,5.0,5.0,5.0,5.0,4.0,5.0,machine_run_2,machine_annotation,MAS,4.0625,65.0,4.0,3.0,4.0,5.0,5.0,3.0,5.0,3.0,5.0,5.0,4.0,5.0,5.0,2.0,4.0,3.0
M001,5.0,4.75,2.5,4.333333333333333,4.777777777777778,4.272222222222222,M,1,5.0,35.0,5.0,5.0,5.0,5.0,5.0,5.0,5.0,machine_run_3,machine_annotation,MAS,3.9375,63.0,4.0,3.0,4.0,5.0,5.0,1.0,5.0,3.0,5.0,5.0,5.0,4.0,5.0,1.0,4.0,4.0
M002,5.0,4.5,2.0,4.0,4.777777777777778,4.055555555555555,M,2,5.0,35.0,5.0,5.0,5.0,5.0,5.0,5.0,5.0,machine_run_3,machine_annotation,MAS,3.6875,59.0,4.0,3.0,3.0,5.0,5.0,1.0,5.0,3.0,5.0,5.0,4.0,3.0,5.0,1.0,4.0,3.0
M003,5.0,4.75,3.6666666666666665,4.333333333333333,4.777777777777778,4.5055555555555555,M,3,5.0,35.0,5.0,5.0,5.0,5.0,5.0,5.0,5.0,machine_run_3,machine_annotation,MAS,4.1875,67.0,4.0,3.0,4.0,5.0,5.0,3.0,5.0,3.0,5.0,5.0,5.0,4.0,5.0,3.0,4.0,4.0
M004,5.0,4.75,4.25,5.0,4.777777777777778,4.7555555555555555,M,4,5.0,35.0,5.0,5.0,5.0,5.0,5.0,5.0,5.0,machine_run_3,machine_annotation,MAS,4.4375,71.0,4.0,3.0,4.0,5.0,5.0,4.0,5.0,3.0,5.0,5.0,5.0,4.0,5.0,4.0,5.0,5.0
M005,5.0,4.5,3.6666666666666665,4.666666666666667,4.444444444444445,4.455555555555556,M,5,4.714285714285714,33.0,5.0,5.0,5.0,4.0,5.0,5.0,4.0,machine_run_3,machine_annotation,MAS,4.1875,67.0,3.0,3.0,3.0,5.0,5.0,3.0,5.0,3.0,5.0,5.0,5.0,4.0,5.0,4.0,4.0,5.0
M006,5.0,4.5,3.333333333333333,3.6666666666666665,4.611111111111112,4.222222222222222,M,6,5.0,35.0,5.0,5.0,5.0,5.0,5.0,5.0,5.0,machine_run_3,machine_annotation,MAS,3.875,62.0,4.0,3.0,4.0,5.0,3.0,2.0,4.0,3.0,5.0,5.0,4.0,4.0,5.0,3.0,4.0,4.0
M007,5.0,4.75,2.5,4.333333333333333,4.611111111111112,4.238888888888889,M,7,5.0,35.0,5.0,5.0,5.0,5.0,5.0,5.0,5.0,machine_run_3,machine_annotation,MAS,3.875,62.0,4.0,3.0,4.0,5.0,5.0,1.0,4.0,3.0,5.0,5.0,5.0,4.0,5.0,1.0,4.0,4.0
M008,5.0,4.75,3.9166666666666665,4.666666666666667,4.777777777777778,4.622222222222222,M,8,5.0,35.0,5.0,5.0,5.0,5.0,5.0,5.0,5.0,machine_run_3,machine_annotation,MAS,4.3125,69.0,4.0,3.0,4.0,5.0,5.0,3.0,5.0,3.0,5.0,5.0,5.0,4.0,5.0,4.0,5.0,4.0
M009,5.0,4.75,3.9166666666666665,5.0,4.777777777777778,4.688888888888888,M,9,5.0,35.0,5.0,5.0,5.0,5.0,5.0,5.0,5.0,machine_run_3,machine_annotation,MAS,4.375,70.0,4.0,3.0,4.0,5.0,5.0,3.0,5.0,3.0,5.0,5.0,5.0,4.0,5.0,4.0,5.0,5.0
M010,4.833333333333333,5.0,4.75,4.333333333333333,4.777777777777778,4.738888888888889,M,10,5.0,35.0,5.0,5.0,5.0,5.0,5.0,5.0,5.0,machine_run_3,machine_annotation,MAS,4.4375,71.0,5.0,3.0,4.0,5.0,5.0,4.0,5.0,3.0,5.0,5.0,5.0,5.0,4.0,5.0,4.0,4.0
M011,5.0,4.75,4.25,4.333333333333333,4.777777777777778,4.622222222222222,M,11,5.0,35.0,5.0,5.0,5.0,5.0,5.0,5.0,5.0,machine_run_3,machine_annotation,MAS,4.3125,69.0,4.0,3.0,4.0,5.0,5.0,4.0,5.0,3.0,5.0,5.0,5.0,4.0,5.0,4.0,4.0,4.0
M012,5.0,4.75,3.6666666666666665,4.333333333333333,5.0,4.55,M,12,5.0,35.0,5.0,5.0,5.0,5.0,5.0,5.0,5.0,machine_run_3,machine_annotation,MAS,4.25,68.0,4.0,3.0,4.0,5.0,5.0,3.0,5.0,4.0,5.0,5.0,5.0,4.0,5.0,3.0,4.0,4.0
M013,5.0,4.75,3.6666666666666665,5.0,4.611111111111112,4.605555555555556,M,13,4.857142857142857,34.0,5.0,5.0,5.0,5.0,5.0,5.0,4.0,machine_run_3,machine_annotation,MAS,4.3125,69.0,4.0,3.0,4.0,5.0,5.0,3.0,5.0,3.0,5.0,5.0,5.0,4.0,5.0,3.0,5.0,5.0
M014,5.0,4.75,3.6666666666666665,4.0,4.611111111111112,4.405555555555556,M,14,4.857142857142857,34.0,5.0,5.0,5.0,5.0,5.0,5.0,4.0,machine_run_3,machine_annotation,MAS,4.125,66.0,4.0,3.0,3.0,5.0,5.0,3.0,5.0,3.0,5.0,5.0,5.0,4.0,5.0,4.0,4.0,3.0
M015,5.0,4.5,2.833333333333333,4.333333333333333,4.611111111111112,4.2555555555555555,M,15,5.0,35.0,5.0,5.0,5.0,5.0,5.0,5.0,5.0,machine_run_3,machine_annotation,MAS,3.875,62.0,4.0,3.0,4.0,5.0,5.0,2.0,4.0,3.0,5.0,5.0,4.0,4.0,5.0,1.0,4.0,4.0
M016,4.833333333333333,4.25,3.1666666666666665,4.333333333333333,4.611111111111112,4.238888888888889,M,16,4.714285714285714,33.0,5.0,5.0,5.0,5.0,4.0,4.0,5.0,machine_run_3,machine_annotation,MAS,3.9375,63.0,4.0,3.0,4.0,5.0,5.0,3.0,4.0,3.0,5.0,5.0,4.0,4.0,5.0,1.0,4.0,4.0
M017,5.0,4.5,2.25,4.333333333333333,4.777777777777778,4.1722222222222225,M,17,5.0,35.0,5.0,5.0,5.0,5.0,5.0,5.0,5.0,machine_run_3,machine_annotation,MAS,3.8125,61.0,4.0,3.0,3.0,5.0,5.0,1.0,5.0,3.0,5.0,5.0,4.0,3.0,5.0,2.0,4.0,4.0
M018,5.0,4.25,2.833333333333333,4.0,4.444444444444445,4.105555555555556,M,18,4.857142857142857,34.0,5.0,5.0,5.0,4.0,5.0,5.0,5.0,machine_run_3,machine_annotation,MAS,3.75,60.0,3.0,3.0,4.0,5.0,5.0,2.0,4.0,3.0,5.0,5.0,4.0,4.0,5.0,1.0,3.0,4.0
M019,5.0,4.5,2.833333333333333,4.0,4.611111111111112,4.188888888888888,M,19,5.0,35.0,5.0,5.0,5.0,5.0,5.0,5.0,5.0,machine_run_3,machine_annotation,MAS,3.8125,61.0,4.0,3.0,4.0,5.0,5.0,2.0,4.0,3.0,5.0,5.0,4.0,4.0,5.0,1.0,3.0,4.0
M020,5.0,4.75,3.1666666666666665,3.6666666666666665,4.777777777777778,4.272222222222222,M,20,5.0,35.0,5.0,5.0,5.0,5.0,5.0,5.0,5.0,machine_run_3,machine_annotation,MAS,3.9375,63.0,4.0,3.0,3.0,5.0,5.0,3.0,5.0,3.0,5.0,5.0,5.0,3.0,5.0,3.0,3.0,3.0
M021,5.0,4.75,4.25,3.6666666666666665,4.611111111111112,4.455555555555556,M,21,4.857142857142857,34.0,5.0,5.0,5.0,5.0,5.0,5.0,4.0,machine_run_3,machine_annotation,MAS,4.1875,67.0,4.0,3.0,4.0,5.0,3.0,4.0,5.0,3.0,5.0,5.0,5.0,4.0,5.0,4.0,4.0,4.0
M022,5.0,4.5,3.1666666666666665,4.333333333333333,4.611111111111112,4.322222222222222,M,22,5.0,35.0,5.0,5.0,5.0,5.0,5.0,5.0,5.0,machine_run_3,machine_annotation,MAS,3.9375,63.0,4.0,3.0,4.0,5.0,5.0,3.0,4.0,3.0,5.0,5.0,4.0,4.0,5.0,1.0,4.0,4.0
M023,5.0,4.5,2.833333333333333,4.333333333333333,4.777777777777778,4.288888888888889,M,23,5.0,35.0,5.0,5.0,5.0,5.0,5.0,5.0,5.0,machine_run_3,machine_annotation,MAS,3.9375,63.0,4.0,3.0,3.0,5.0,5.0,2.0,5.0,3.0,5.0,5.0,4.0,4.0,5.0,2.0,4.0,4.0
M024,5.0,4.75,2.75,4.333333333333333,4.611111111111112,4.288888888888889,M,24,5.0,35.0,5.0,5.0,5.0,5.0,5.0,5.0,5.0,machine_run_3,machine_annotation,MAS,3.9375,63.0,4.0,3.0,4.0,5.0,5.0,1.0,4.0,3.0,5.0,5.0,5.0,5.0,5.0,1.0,4.0,4.0
M025,5.0,4.75,3.9166666666666665,4.0,4.777777777777778,4.488888888888889,M,25,5.0,35.0,5.0,5.0,5.0,5.0,5.0,5.0,5.0,machine_run_3,machine_annotation,MAS,4.1875,67.0,4.0,3.0,4.0,5.0,5.0,3.0,5.0,3.0,5.0,5.0,5.0,4.0,5.0,4.0,3.0,4.0
M026,5.0,4.75,4.25,3.6666666666666665,4.611111111111112,4.455555555555556,M,26,5.0,35.0,5.0,5.0,5.0,5.0,5.0,5.0,5.0,machine_run_3,machine_annotation,MAS,4.125,66.0,4.0,3.0,4.0,5.0,5.0,4.0,4.0,3.0,5.0,5.0,5.0,4.0,5.0,4.0,3.0,3.0
M027,5.0,4.75,4.25,3.6666666666666665,4.611111111111112,4.455555555555556,M,27,5.0,35.0,5.0,5.0,5.0,5.0,5.0,5.0,5.0,machine_run_3,machine_annotation,MAS,4.125,66.0,4.0,3.0,4.0,5.0,5.0,4.0,4.0,3.0,5.0,5.0,5.0,4.0,5.0,4.0,3.0,3.0
M028,5.0,4.75,4.25,3.6666666666666665,4.611111111111112,4.455555555555556,M,28,5.0,35.0,5.0,5.0,5.0,5.0,5.0,5.0,5.0,machine_run_3,machine_annotation,MAS,4.125,66.0,4.0,3.0,4.0,5.0,5.0,4.0,4.0,3.0,5.0,5.0,5.0,4.0,5.0,4.0,3.0,3.0
M029,5.0,5.0,3.333333333333333,3.6666666666666665,4.777777777777778,4.355555555555556,M,29,5.0,35.0,5.0,5.0,5.0,5.0,5.0,5.0,5.0,machine_run_3,machine_annotation,MAS,4.0625,65.0,5.0,3.0,4.0,5.0,3.0,2.0,5.0,3.0,5.0,5.0,5.0,4.0,5.0,3.0,4.0,4.0
M030,5.0,5.0,3.333333333333333,3.6666666666666665,4.777777777777778,4.355555555555556,M,30,5.0,35.0,5.0,5.0,5.0,5.0,5.0,5.0,5.0,machine_run_3,machine_annotation,MAS,4.0625,65.0,5.0,3.0,4.0,5.0,3.0,2.0,5.0,3.0,5.0,5.0,5.0,4.0,5.0,3.0,4.0,4.0
M031,5.0,5.0,3.333333333333333,3.6666666666666665,4.777777777777778,4.355555555555556,M,31,5.0,35.0,5.0,5.0,5.0,5.0,5.0,5.0,5.0,machine_run_3,machine_annotation,MAS,4.0625,65.0,5.0,3.0,4.0,5.0,3.0,2.0,5.0,3.0,5.0,5.0,5.0,4.0,5.0,3.0,4.0,4.0
M032,5.0,5.0,4.25,3.6666666666666665,5.0,4.583333333333334,M,32,5.0,35.0,5.0,5.0,5.0,5.0,5.0,5.0,5.0,machine_run_3,machine_annotation,MAS,4.3125,69.0,5.0,3.0,4.0,5.0,3.0,4.0,5.0,4.0,5.0,5.0,5.0,4.0,5.0,4.0,4.0,4.0
M033,5.0,5.0,4.25,3.6666666666666665,5.0,4.583333333333334,M,33,5.0,35.0,5.0,5.0,5.0,5.0,5.0,5.0,5.0,machine_run_3,machine_annotation,MAS,4.3125,69.0,5.0,3.0,4.0,5.0,3.0,4.0,5.0,4.0,5.0,5.0,5.0,4.0,5.0,4.0,4.0,4.0
M034,5.0,5.0,4.25,3.6666666666666665,5.0,4.583333333333334,M,34,5.0,35.0,5.0,5.0,5.0,5.0,5.0,5.0,5.0,machine_run_3,machine_annotation,MAS,4.3125,69.0,5.0,3.0,4.0,5.0,3.0,4.0,5.0,4.0,5.0,5.0,5.0,4.0,5.0,4.0,4.0,4.0
M035,5.0,5.0,4.25,4.333333333333333,4.611111111111112,4.638888888888888,M,35,4.857142857142857,34.0,5.0,5.0,5.0,5.0,5.0,5.0,4.0,machine_run_3,machine_annotation,MAS,4.375,70.0,5.0,3.0,4.0,5.0,5.0,4.0,5.0,3.0,5.0,5.0,5.0,4.0,5.0,4.0,4.0,4.0
M036,5.0,5.0,4.25,4.333333333333333,4.611111111111112,4.638888888888888,M,36,4.857142857142857,34.0,5.0,5.0,5.0,5.0,5.0,5.0,4.0,machine_run_3,machine_annotation,MAS,4.375,70.0,5.0,3.0,4.0,5.0,5.0,4.0,5.0,3.0,5.0,5.0,5.0,4.0,5.0,4.0,4.0,4.0
M037,5.0,5.0,4.25,4.333333333333333,4.611111111111112,4.638888888888888,M,37,4.857142857142857,34.0,5.0,5.0,5.0,5.0,5.0,5.0,4.0,machine_run_3,machine_annotation,MAS,4.375,70.0,5.0,3.0,4.0,5.0,5.0,4.0,5.0,3.0,5.0,5.0,5.0,4.0,5.0,4.0,4.0,4.0
M038,5.0,5.0,3.333333333333333,3.6666666666666665,4.777777777777778,4.355555555555556,M,38,5.0,35.0,5.0,5.0,5.0,5.0,5.0,5.0,5.0,machine_run_3,machine_annotation,MAS,4.0625,65.0,5.0,3.0,4.0,5.0,3.0,2.0,5.0,3.0,5.0,5.0,5.0,4.0,5.0,3.0,4.0,4.0
M039,5.0,5.0,3.333333333333333,3.6666666666666665,4.777777777777778,4.355555555555556,M,39,5.0,35.0,5.0,5.0,5.0,5.0,5.0,5.0,5.0,machine_run_3,machine_annotation,MAS,4.0625,65.0,5.0,3.0,4.0,5.0,3.0,2.0,5.0,3.0,5.0,5.0,5.0,4.0,5.0,3.0,4.0,4.0
M040,5.0,5.0,3.333333333333333,3.6666666666666665,4.777777777777778,4.355555555555556,M,40,5.0,35.0,5.0,5.0,5.0,5.0,5.0,5.0,5.0,machine_run_3,machine_annotation,MAS,4.0625,65.0,5.0,3.0,4.0,5.0,3.0,2.0,5.0,3.0,5.0,5.0,5.0,4.0,5.0,3.0,4.0,4.0
M041,5.0,4.5,3.083333333333333,4.333333333333333,4.444444444444445,4.272222222222222,M,41,4.857142857142857,34.0,5.0,5.0,5.0,4.0,5.0,5.0,5.0,machine_run_3,machine_annotation,MAS,3.9375,63.0,3.0,3.0,4.0,5.0,5.0,2.0,5.0,3.0,5.0,4.0,5.0,4.0,5.0,2.0,4.0,4.0
M042,5.0,4.5,3.083333333333333,4.333333333333333,4.444444444444445,4.272222222222222,M,42,4.857142857142857,34.0,5.0,5.0,5.0,4.0,5.0,5.0,5.0,machine_run_3,machine_annotation,MAS,3.9375,63.0,3.0,3.0,4.0,5.0,5.0,2.0,5.0,3.0,5.0,4.0,5.0,4.0,5.0,2.0,4.0,4.0
M043,5.0,4.75,2.583333333333333,3.3333333333333335,5.0,4.133333333333334,M,43,5.0,35.0,5.0,5.0,5.0,5.0,5.0,5.0,5.0,machine_run_3,machine_annotation,MAS,3.8125,61.0,4.0,3.0,3.0,5.0,3.0,2.0,5.0,4.0,5.0,5.0,5.0,3.0,5.0,2.0,4.0,3.0
M044,4.833333333333333,4.75,2.833333333333333,2.6666666666666665,5.0,4.016666666666667,M,44,4.857142857142857,34.0,5.0,5.0,5.0,5.0,5.0,4.0,5.0,machine_run_3,machine_annotation,MAS,3.75,60.0,4.0,3.0,4.0,5.0,1.0,2.0,5.0,4.0,5.0,5.0,5.0,3.0,5.0,2.0,3.0,4.0
M045,5.0,4.75,2.583333333333333,4.333333333333333,4.777777777777778,4.288888888888889,M,45,5.0,35.0,5.0,5.0,5.0,5.0,5.0,5.0,5.0,machine_run_3,machine_annotation,MAS,3.9375,63.0,4.0,3.0,2.0,5.0,5.0,2.0,5.0,3.0,5.0,5.0,5.0,3.0,5.0,3.0,4.0,4.0
M046,5.0,4.25,3.333333333333333,4.333333333333333,4.444444444444445,4.272222222222222,M,46,4.857142857142857,34.0,5.0,5.0,5.0,5.0,4.0,5.0,5.0,machine_run_3,machine_annotation,MAS,3.9375,63.0,4.0,3.0,4.0,5.0,5.0,2.0,4.0,3.0,5.0,4.0,4.0,4.0,5.0,3.0,4.0,4.0
M047,5.0,4.75,4.25,5.0,4.611111111111112,4.722222222222222,M,47,5.0,35.0,5.0,5.0,5.0,5.0,5.0,5.0,5.0,machine_run_3,machine_annotation,MAS,4.375,70.0,4.0,3.0,4.0,5.0,5.0,4.0,4.0,3.0,5.0,5.0,5.0,4.0,5.0,4.0,5.0,5.0
M048,5.0,4.75,4.25,5.0,4.611111111111112,4.722222222222222,M,48,4.857142857142857,34.0,5.0,5.0,5.0,5.0,5.0,5.0,4.0,machine_run_3,machine_annotation,MAS,4.4375,71.0,4.0,3.0,4.0,5.0,5.0,4.0,5.0,3.0,5.0,5.0,5.0,4.0,5.0,4.0,5.0,5.0
M049,5.0,4.75,3.083333333333333,2.6666666666666665,5.0,4.1,M,49,5.0,35.0,5.0,5.0,5.0,5.0,5.0,5.0,5.0,machine_run_3,machine_annotation,MAS,3.8125,61.0,4.0,3.0,4.0,5.0,1.0,2.0,5.0,4.0,5.0,5.0,5.0,4.0,5.0,2.0,4.0,3.0
M050,5.0,4.5,3.6666666666666665,4.333333333333333,4.777777777777778,4.455555555555556,M,50,5.0,35.0,5.0,5.0,5.0,5.0,5.0,5.0,5.0,machine_run_3,machine_annotation,MAS,4.125,66.0,4.0,3.0,4.0,5.0,5.0,3.0,5.0,3.0,5.0,5.0,4.0,4.0,5.0,3.0,4.0,4.0
M001,5.0,4.75,2.5,3.6666666666666665,4.777777777777778,4.138888888888888,M,1,5.0,35.0,5.0,5.0,5.0,5.0,5.0,5.0,5.0,machine_run_4,machine_annotation,MAS,3.8125,61.0,4.0,3.0,4.0,5.0,5.0,1.0,5.0,3.0,5.0,5.0,5.0,4.0,5.0,1.0,3.0,3.0
M002,5.0,4.5,2.25,3.6666666666666665,4.777777777777778,4.038888888888889,M,2,5.0,35.0,5.0,5.0,5.0,5.0,5.0,5.0,5.0,machine_run_4,machine_annotation,MAS,3.6875,59.0,4.0,3.0,3.0,5.0,3.0,1.0,5.0,3.0,5.0,5.0,4.0,3.0,5.0,2.0,4.0,4.0
M003,5.0,4.5,3.6666666666666665,4.333333333333333,4.777777777777778,4.455555555555556,M,3,5.0,35.0,5.0,5.0,5.0,5.0,5.0,5.0,5.0,machine_run_4,machine_annotation,MAS,4.125,66.0,3.0,3.0,4.0,5.0,5.0,3.0,5.0,3.0,5.0,5.0,5.0,4.0,5.0,3.0,4.0,4.0
M004,5.0,4.75,3.6666666666666665,5.0,4.611111111111112,4.605555555555556,M,4,4.857142857142857,34.0,5.0,5.0,5.0,5.0,5.0,5.0,4.0,machine_run_4,machine_annotation,MAS,4.3125,69.0,4.0,3.0,3.0,5.0,5.0,3.0,5.0,3.0,5.0,5.0,5.0,4.0,5.0,4.0,5.0,5.0
M005,5.0,4.75,3.9166666666666665,5.0,4.611111111111112,4.655555555555556,M,5,5.0,35.0,5.0,5.0,5.0,5.0,5.0,5.0,5.0,machine_run_4,machine_annotation,MAS,4.3125,69.0,4.0,3.0,4.0,5.0,5.0,3.0,4.0,3.0,5.0,5.0,5.0,4.0,5.0,4.0,5.0,5.0
M006,5.0,4.5,3.083333333333333,3.6666666666666665,4.777777777777778,4.205555555555556,M,6,5.0,35.0,5.0,5.0,5.0,5.0,5.0,5.0,5.0,machine_run_4,machine_annotation,MAS,3.875,62.0,4.0,3.0,4.0,5.0,3.0,2.0,5.0,3.0,5.0,5.0,4.0,4.0,5.0,2.0,4.0,4.0
M007,5.0,4.75,2.5,4.0,4.611111111111112,4.1722222222222225,M,7,5.0,35.0,5.0,5.0,5.0,5.0,5.0,5.0,5.0,machine_run_4,machine_annotation,MAS,3.8125,61.0,4.0,3.0,4.0,5.0,5.0,1.0,4.0,3.0,5.0,5.0,5.0,4.0,5.0,1.0,4.0,3.0
M008,5.0,4.75,3.9166666666666665,4.666666666666667,4.777777777777778,4.622222222222222,M,8,5.0,35.0,5.0,5.0,5.0,5.0,5.0,5.0,5.0,machine_run_4,machine_annotation,MAS,4.3125,69.0,4.0,3.0,4.0,5.0,5.0,3.0,5.0,3.0,5.0,5.0,5.0,4.0,5.0,4.0,4.0,5.0
M009,5.0,4.75,4.166666666666667,4.333333333333333,4.777777777777778,4.605555555555556,M,9,5.0,35.0,5.0,5.0,5.0,5.0,5.0,5.0,5.0,machine_run_4,machine_annotation,MAS,4.3125,69.0,4.0,3.0,4.0,5.0,3.0,3.0,5.0,3.0,5.0,5.0,5.0,5.0,5.0,4.0,5.0,5.0
M010,4.666666666666667,5.0,4.5,4.333333333333333,4.777777777777778,4.655555555555556,M,10,4.857142857142857,34.0,5.0,5.0,5.0,5.0,5.0,4.0,5.0,machine_run_4,machine_annotation,MAS,4.375,70.0,5.0,3.0,4.0,5.0,5.0,4.0,5.0,3.0,5.0,5.0,5.0,4.0,4.0,5.0,4.0,4.0
M011,5.0,4.75,4.25,4.333333333333333,4.833333333333333,4.633333333333333,M,11,4.857142857142857,34.0,5.0,5.0,5.0,4.0,5.0,5.0,5.0,machine_run_4,machine_annotation,MAS,4.375,70.0,4.0,3.0,4.0,5.0,5.0,4.0,5.0,4.0,5.0,5.0,5.0,4.0,5.0,4.0,4.0,4.0
M012,5.0,4.75,3.6666666666666665,4.666666666666667,4.611111111111112,4.53888888888889,M,12,4.857142857142857,34.0,5.0,5.0,5.0,5.0,5.0,5.0,4.0,machine_run_4,machine_annotation,MAS,4.25,68.0,4.0,3.0,4.0,5.0,5.0,3.0,5.0,3.0,5.0,5.0,5.0,4.0,5.0,3.0,5.0,4.0
M013,5.0,4.75,3.6666666666666665,4.666666666666667,4.777777777777778,4.572222222222222,M,13,5.0,35.0,5.0,5.0,5.0,5.0,5.0,5.0,5.0,machine_run_4,machine_annotation,MAS,4.25,68.0,4.0,3.0,3.0,5.0,5.0,3.0,5.0,3.0,5.0,5.0,5.0,4.0,5.0,4.0,5.0,4.0
M014,5.0,4.75,3.9166666666666665,4.333333333333333,4.777777777777778,4.555555555555555,M,14,5.0,35.0,5.0,5.0,5.0,5.0,5.0,5.0,5.0,machine_run_4,machine_annotation,MAS,4.25,68.0,4.0,3.0,4.0,5.0,5.0,3.0,5.0,3.0,5.0,5.0,5.0,4.0,5.0,4.0,4.0,4.0
M015,5.0,4.25,2.833333333333333,4.0,4.611111111111112,4.138888888888888,M,15,4.857142857142857,34.0,5.0,5.0,5.0,5.0,4.0,5.0,5.0,machine_run_4,machine_annotation,MAS,3.8125,61.0,4.0,3.0,4.0,5.0,5.0,2.0,4.0,3.0,5.0,5.0,4.0,4.0,5.0,1.0,3.0,4.0
M016,5.0,4.25,2.833333333333333,4.333333333333333,4.611111111111112,4.205555555555556,M,16,5.0,35.0,5.0,5.0,5.0,5.0,5.0,5.0,5.0,machine_run_4,machine_annotation,MAS,3.8125,61.0,3.0,3.0,4.0,5.0,5.0,2.0,4.0,3.0,5.0,5.0,4.0,4.0,5.0,1.0,4.0,4.0
M017,5.0,4.5,2.0,3.6666666666666665,4.777777777777778,3.9888888888888885,M,17,5.0,35.0,5.0,5.0,5.0,5.0,5.0,5.0,5.0,machine_run_4,machine_annotation,MAS,3.625,58.0,4.0,3.0,3.0,5.0,3.0,1.0,5.0,3.0,5.0,5.0,4.0,3.0,5.0,1.0,4.0,4.0
M018,5.0,4.25,2.833333333333333,4.0,4.611111111111112,4.138888888888888,M,18,5.0,35.0,5.0,5.0,5.0,5.0,5.0,5.0,5.0,machine_run_4,machine_annotation,MAS,3.75,60.0,3.0,3.0,4.0,5.0,5.0,2.0,4.0,3.0,5.0,5.0,4.0,4.0,5.0,1.0,3.0,4.0
M019,5.0,4.5,2.833333333333333,4.0,4.611111111111112,4.188888888888888,M,19,5.0,35.0,5.0,5.0,5.0,5.0,5.0,5.0,5.0,machine_run_4,machine_annotation,MAS,3.8125,61.0,4.0,3.0,4.0,5.0,5.0,2.0,4.0,3.0,5.0,5.0,4.0,4.0,5.0,1.0,4.0,3.0
M020,5.0,4.75,3.1666666666666665,4.0,4.611111111111112,4.305555555555555,M,20,4.857142857142857,34.0,5.0,5.0,5.0,5.0,5.0,5.0,4.0,machine_run_4,machine_annotation,MAS,4.0,64.0,4.0,3.0,3.0,5.0,5.0,3.0,5.0,3.0,5.0,5.0,5.0,3.0,5.0,3.0,3.0,4.0
M021,5.0,4.75,4.25,4.333333333333333,4.777777777777778,4.622222222222222,M,21,5.0,35.0,5.0,5.0,5.0,5.0,5.0,5.0,5.0,machine_run_4,machine_annotation,MAS,4.3125,69.0,4.0,3.0,4.0,5.0,5.0,4.0,5.0,3.0,5.0,5.0,5.0,4.0,5.0,4.0,4.0,4.0
M022,5.0,4.5,2.9166666666666665,4.0,4.611111111111112,4.205555555555556,M,22,5.0,35.0,5.0,5.0,5.0,5.0,5.0,5.0,5.0,machine_run_4,machine_annotation,MAS,3.8125,61.0,4.0,3.0,3.0,5.0,5.0,3.0,4.0,3.0,5.0,5.0,4.0,4.0,5.0,1.0,3.0,4.0
M023,5.0,4.5,3.6666666666666665,3.6666666666666665,4.777777777777778,4.322222222222222,M,23,5.0,35.0,5.0,5.0,5.0,5.0,5.0,5.0,5.0,machine_run_4,machine_annotation,MAS,4.0,64.0,4.0,3.0,4.0,5.0,3.0,3.0,5.0,3.0,5.0,5.0,4.0,5.0,5.0,2.0,4.0,4.0
M024,5.0,4.75,2.75,4.333333333333333,4.444444444444445,4.2555555555555555,M,24,4.857142857142857,34.0,5.0,5.0,5.0,4.0,5.0,5.0,5.0,machine_run_4,machine_annotation,MAS,3.9375,63.0,4.0,3.0,4.0,5.0,5.0,1.0,4.0,3.0,5.0,5.0,5.0,4.0,5.0,2.0,4.0,4.0
M025,5.0,4.75,3.9166666666666665,3.6666666666666665,4.611111111111112,4.388888888888888,M,25,5.0,35.0,5.0,5.0,5.0,5.0,5.0,5.0,5.0,machine_run_4,machine_annotation,MAS,4.0625,65.0,4.0,3.0,4.0,5.0,5.0,3.0,4.0,3.0,5.0,5.0,5.0,4.0,5.0,4.0,3.0,3.0
M026,5.0,4.75,4.25,4.333333333333333,4.777777777777778,4.622222222222222,M,26,5.0,35.0,5.0,5.0,5.0,5.0,5.0,5.0,5.0,machine_run_4,machine_annotation,MAS,4.3125,69.0,4.0,3.0,4.0,5.0,5.0,4.0,5.0,3.0,5.0,5.0,5.0,4.0,5.0,4.0,4.0,4.0
M027,5.0,4.75,4.25,4.333333333333333,4.777777777777778,4.622222222222222,M,27,5.0,35.0,5.0,5.0,5.0,5.0,5.0,5.0,5.0,machine_run_4,machine_annotation,MAS,4.3125,69.0,4.0,3.0,4.0,5.0,5.0,4.0,5.0,3.0,5.0,5.0,5.0,4.0,5.0,4.0,4.0,4.0
M028,5.0,4.75,4.25,4.333333333333333,4.777777777777778,4.622222222222222,M,28,5.0,35.0,5.0,5.0,5.0,5.0,5.0,5.0,5.0,machine_run_4,machine_annotation,MAS,4.3125,69.0,4.0,3.0,4.0,5.0,5.0,4.0,5.0,3.0,5.0,5.0,5.0,4.0,5.0,4.0,4.0,4.0
M029,4.833333333333333,5.0,3.333333333333333,3.6666666666666665,5.0,4.366666666666666,M,29,4.857142857142857,34.0,5.0,5.0,5.0,5.0,5.0,4.0,5.0,machine_run_4,machine_annotation,MAS,4.125,66.0,5.0,3.0,4.0,5.0,3.0,2.0,5.0,4.0,5.0,5.0,5.0,4.0,5.0,3.0,4.0,4.0
M030,4.833333333333333,5.0,3.333333333333333,3.6666666666666665,5.0,4.366666666666666,M,30,4.857142857142857,34.0,5.0,5.0,5.0,5.0,5.0,4.0,5.0,machine_run_4,machine_annotation,MAS,4.125,66.0,5.0,3.0,4.0,5.0,3.0,2.0,5.0,4.0,5.0,5.0,5.0,4.0,5.0,3.0,4.0,4.0
M031,4.833333333333333,5.0,3.333333333333333,3.6666666666666665,5.0,4.366666666666666,M,31,4.857142857142857,34.0,5.0,5.0,5.0,5.0,5.0,4.0,5.0,machine_run_4,machine_annotation,MAS,4.125,66.0,5.0,3.0,4.0,5.0,3.0,2.0,5.0,4.0,5.0,5.0,5.0,4.0,5.0,3.0,4.0,4.0
M032,5.0,5.0,3.6666666666666665,4.333333333333333,4.611111111111112,4.522222222222222,M,32,4.857142857142857,34.0,5.0,5.0,5.0,5.0,5.0,5.0,4.0,machine_run_4,machine_annotation,MAS,4.25,68.0,5.0,3.0,4.0,5.0,5.0,3.0,5.0,3.0,5.0,5.0,5.0,4.0,5.0,3.0,4.0,4.0
M033,5.0,5.0,3.6666666666666665,4.333333333333333,4.611111111111112,4.522222222222222,M,33,4.857142857142857,34.0,5.0,5.0,5.0,5.0,5.0,5.0,4.0,machine_run_4,machine_annotation,MAS,4.25,68.0,5.0,3.0,4.0,5.0,5.0,3.0,5.0,3.0,5.0,5.0,5.0,4.0,5.0,3.0,4.0,4.0
M034,5.0,5.0,3.6666666666666665,4.333333333333333,4.611111111111112,4.522222222222222,M,34,4.857142857142857,34.0,5.0,5.0,5.0,5.0,5.0,5.0,4.0,machine_run_4,machine_annotation,MAS,4.25,68.0,5.0,3.0,4.0,5.0,5.0,3.0,5.0,3.0,5.0,5.0,5.0,4.0,5.0,3.0,4.0,4.0
M035,5.0,4.75,4.25,4.0,4.777777777777778,4.555555555555555,M,35,5.0,35.0,5.0,5.0,5.0,5.0,5.0,5.0,5.0,machine_run_4,machine_annotation,MAS,4.25,68.0,4.0,3.0,4.0,5.0,5.0,4.0,5.0,3.0,5.0,5.0,5.0,4.0,5.0,4.0,3.0,4.0
M036,5.0,4.75,4.25,4.0,4.777777777777778,4.555555555555555,M,36,5.0,35.0,5.0,5.0,5.0,5.0,5.0,5.0,5.0,machine_run_4,machine_annotation,MAS,4.25,68.0,4.0,3.0,4.0,5.0,5.0,4.0,5.0,3.0,5.0,5.0,5.0,4.0,5.0,4.0,3.0,4.0
M037,5.0,4.75,4.25,4.0,4.777777777777778,4.555555555555555,M,37,5.0,35.0,5.0,5.0,5.0,5.0,5.0,5.0,5.0,machine_run_4,machine_annotation,MAS,4.25,68.0,4.0,3.0,4.0,5.0,5.0,4.0,5.0,3.0,5.0,5.0,5.0,4.0,5.0,4.0,3.0,4.0
M038,5.0,5.0,3.333333333333333,3.6666666666666665,4.777777777777778,4.355555555555556,M,38,5.0,35.0,5.0,5.0,5.0,5.0,5.0,5.0,5.0,machine_run_4,machine_annotation,MAS,4.0625,65.0,5.0,3.0,4.0,5.0,3.0,2.0,5.0,3.0,5.0,5.0,5.0,4.0,5.0,3.0,4.0,4.0
M039,5.0,5.0,3.333333333333333,3.6666666666666665,4.777777777777778,4.355555555555556,M,39,5.0,35.0,5.0,5.0,5.0,5.0,5.0,5.0,5.0,machine_run_4,machine_annotation,MAS,4.0625,65.0,5.0,3.0,4.0,5.0,3.0,2.0,5.0,3.0,5.0,5.0,5.0,4.0,5.0,3.0,4.0,4.0
M040,5.0,5.0,3.333333333333333,3.6666666666666665,4.777777777777778,4.355555555555556,M,40,5.0,35.0,5.0,5.0,5.0,5.0,5.0,5.0,5.0,machine_run_4,machine_annotation,MAS,4.0625,65.0,5.0,3.0,4.0,5.0,3.0,2.0,5.0,3.0,5.0,5.0,5.0,4.0,5.0,3.0,4.0,4.0
M041,5.0,4.75,2.833333333333333,4.0,4.611111111111112,4.238888888888889,M,41,5.0,35.0,5.0,5.0,5.0,5.0,5.0,5.0,5.0,machine_run_4,machine_annotation,MAS,3.875,62.0,4.0,3.0,3.0,5.0,5.0,2.0,5.0,3.0,5.0,4.0,5.0,4.0,5.0,2.0,4.0,3.0
M042,5.0,4.75,2.833333333333333,4.0,4.611111111111112,4.238888888888889,M,42,5.0,35.0,5.0,5.0,5.0,5.0,5.0,5.0,5.0,machine_run_4,machine_annotation,MAS,3.875,62.0,4.0,3.0,3.0,5.0,5.0,2.0,5.0,3.0,5.0,4.0,5.0,4.0,5.0,2.0,4.0,3.0
M043,5.0,4.75,2.833333333333333,3.0,5.0,4.116666666666666,M,43,5.0,35.0,5.0,5.0,5.0,5.0,5.0,5.0,5.0,machine_run_4,machine_annotation,MAS,3.8125,61.0,4.0,3.0,4.0,5.0,1.0,2.0,5.0,4.0,5.0,5.0,5.0,3.0,5.0,2.0,4.0,4.0
M044,5.0,4.75,2.833333333333333,3.0,5.0,4.116666666666666,M,44,5.0,35.0,5.0,5.0,5.0,5.0,5.0,5.0,5.0,machine_run_4,machine_annotation,MAS,3.8125,61.0,4.0,3.0,4.0,5.0,1.0,2.0,5.0,4.0,5.0,5.0,5.0,3.0,5.0,2.0,4.0,4.0
M045,4.666666666666667,4.5,2.833333333333333,4.333333333333333,4.777777777777778,4.222222222222222,M,45,4.857142857142857,34.0,5.0,5.0,5.0,5.0,4.0,5.0,5.0,machine_run_4,machine_annotation,MAS,3.875,62.0,4.0,3.0,3.0,3.0,5.0,2.0,5.0,3.0,5.0,5.0,5.0,3.0,5.0,3.0,4.0,4.0
M046,5.0,4.5,3.9166666666666665,4.333333333333333,4.444444444444445,4.438888888888888,M,46,5.0,35.0,5.0,5.0,5.0,5.0,5.0,5.0,5.0,machine_run_4,machine_annotation,MAS,4.0625,65.0,4.0,3.0,4.0,5.0,5.0,3.0,4.0,3.0,5.0,4.0,4.0,4.0,5.0,4.0,4.0,4.0
M047,5.0,4.75,4.25,4.666666666666667,4.611111111111112,4.655555555555556,M,47,4.857142857142857,34.0,5.0,5.0,5.0,5.0,5.0,5.0,4.0,machine_run_4,machine_annotation,MAS,4.375,70.0,4.0,3.0,4.0,5.0,5.0,4.0,5.0,3.0,5.0,5.0,5.0,4.0,5.0,4.0,4.0,5.0
M048,5.0,4.75,4.5,4.666666666666667,4.611111111111112,4.705555555555556,M,48,4.857142857142857,34.0,5.0,5.0,5.0,4.0,5.0,5.0,5.0,machine_run_4,machine_annotation,MAS,4.4375,71.0,4.0,3.0,4.0,5.0,5.0,4.0,5.0,3.0,5.0,5.0,5.0,5.0,5.0,4.0,5.0,4.0
M049,5.0,4.75,2.833333333333333,3.0,5.0,4.116666666666666,M,49,5.0,35.0,5.0,5.0,5.0,5.0,5.0,5.0,5.0,machine_run_4,machine_annotation,MAS,3.8125,61.0,4.0,3.0,4.0,5.0,1.0,2.0,5.0,4.0,5.0,5.0,5.0,3.0,5.0,2.0,4.0,4.0
M050,5.0,4.5,3.4166666666666665,4.333333333333333,4.777777777777778,4.405555555555556,M,50,5.0,35.0,5.0,5.0,5.0,5.0,5.0,5.0,5.0,machine_run_4,machine_annotation,MAS,4.0625,65.0,4.0,3.0,4.0,5.0,5.0,3.0,5.0,3.0,5.0,5.0,4.0,4.0,5.0,2.0,4.0,4.0
H001,5.0,4.75,3.6666666666666665,4.333333333333333,5.0,4.55,P,1,5.0,35.0,5.0,5.0,5.0,5.0,5.0,5.0,5.0,machine_run_1,machine_annotation,Human,4.25,68.0,4.0,3.0,4.0,5.0,5.0,3.0,5.0,4.0,5.0,5.0,5.0,4.0,5.0,3.0,4.0,4.0
H002,5.0,4.75,2.583333333333333,4.333333333333333,5.0,4.333333333333333,P,2,5.0,35.0,5.0,5.0,5.0,5.0,5.0,5.0,5.0,machine_run_1,machine_annotation,Human,4.0,64.0,4.0,3.0,3.0,5.0,5.0,2.0,5.0,4.0,5.0,5.0,5.0,3.0,5.0,2.0,4.0,4.0
H003,5.0,4.75,2.0,4.333333333333333,5.0,4.216666666666667,P,3,5.0,35.0,5.0,5.0,5.0,5.0,5.0,5.0,5.0,machine_run_1,machine_annotation,Human,3.875,62.0,4.0,3.0,3.0,5.0,5.0,1.0,5.0,4.0,5.0,5.0,5.0,3.0,5.0,1.0,4.0,4.0
H004,5.0,4.75,1.5,4.333333333333333,5.0,4.116666666666666,P,4,5.0,35.0,5.0,5.0,5.0,5.0,5.0,5.0,5.0,machine_run_1,machine_annotation,Human,3.75,60.0,4.0,3.0,2.0,5.0,5.0,1.0,5.0,4.0,5.0,5.0,5.0,2.0,5.0,1.0,4.0,4.0
H005,5.0,4.75,2.0,4.333333333333333,5.0,4.216666666666667,P,5,5.0,35.0,5.0,5.0,5.0,5.0,5.0,5.0,5.0,machine_run_1,machine_annotation,Human,3.875,62.0,4.0,3.0,3.0,5.0,5.0,1.0,5.0,4.0,5.0,5.0,5.0,3.0,5.0,1.0,4.0,4.0
H006,5.0,4.75,2.583333333333333,4.333333333333333,5.0,4.333333333333333,P,6,5.0,35.0,5.0,5.0,5.0,5.0,5.0,5.0,5.0,machine_run_1,machine_annotation,Human,4.0,64.0,4.0,3.0,3.0,5.0,5.0,2.0,5.0,4.0,5.0,5.0,5.0,3.0,5.0,2.0,4.0,4.0
H007,5.0,4.75,2.583333333333333,4.333333333333333,5.0,4.333333333333333,P,7,5.0,35.0,5.0,5.0,5.0,5.0,5.0,5.0,5.0,machine_run_1,machine_annotation,Human,4.0,64.0,4.0,3.0,3.0,5.0,5.0,2.0,5.0,4.0,5.0,5.0,5.0,3.0,5.0,2.0,4.0,4.0
H008,5.0,4.75,2.0,4.333333333333333,5.0,4.216666666666667,P,8,5.0,35.0,5.0,5.0,5.0,5.0,5.0,5.0,5.0,machine_run_1,machine_annotation,Human,3.875,62.0,4.0,3.0,3.0,5.0,5.0,1.0,5.0,4.0,5.0,5.0,5.0,3.0,5.0,1.0,4.0,4.0
H009,5.0,4.75,2.583333333333333,4.333333333333333,5.0,4.333333333333333,P,9,5.0,35.0,5.0,5.0,5.0,5.0,5.0,5.0,5.0,machine_run_1,machine_annotation,Human,4.0,64.0,4.0,3.0,3.0,5.0,5.0,2.0,5.0,4.0,5.0,5.0,5.0,3.0,5.0,2.0,4.0,4.0
H010,5.0,4.75,3.083333333333333,4.333333333333333,5.0,4.433333333333333,P,10,5.0,35.0,5.0,5.0,5.0,5.0,5.0,5.0,5.0,machine_run_1,machine_annotation,Human,4.125,66.0,4.0,3.0,4.0,5.0,5.0,2.0,5.0,4.0,5.0,5.0,5.0,4.0,5.0,2.0,4.0,4.0
H011,5.0,4.75,2.583333333333333,4.333333333333333,5.0,4.333333333333333,P,11,5.0,35.0,5.0,5.0,5.0,5.0,5.0,5.0,5.0,machine_run_1,machine_annotation,Human,4.0,64.0,4.0,3.0,3.0,5.0,5.0,2.0,5.0,4.0,5.0,5.0,5.0,3.0,5.0,2.0,4.0,4.0
H012,5.0,4.75,3.6666666666666665,4.333333333333333,5.0,4.55,P,12,5.0,35.0,5.0,5.0,5.0,5.0,5.0,5.0,5.0,machine_run_1,machine_annotation,Human,4.25,68.0,4.0,3.0,4.0,5.0,5.0,3.0,5.0,4.0,5.0,5.0,5.0,4.0,5.0,3.0,4.0,4.0
H013,5.0,4.75,2.583333333333333,4.333333333333333,5.0,4.333333333333333,P,13,5.0,35.0,5.0,5.0,5.0,5.0,5.0,5.0,5.0,machine_run_1,machine_annotation,Human,4.0,64.0,4.0,3.0,3.0,5.0,5.0,2.0,5.0,4.0,5.0,5.0,5.0,3.0,5.0,2.0,4.0,4.0
H014,5.0,4.75,3.6666666666666665,4.333333333333333,5.0,4.55,P,14,5.0,35.0,5.0,5.0,5.0,5.0,5.0,5.0,5.0,machine_run_1,machine_annotation,Human,4.25,68.0,4.0,3.0,4.0,5.0,5.0,3.0,5.0,4.0,5.0,5.0,5.0,4.0,5.0,3.0,4.0,4.0
H015,5.0,4.75,2.583333333333333,4.333333333333333,5.0,4.333333333333333,P,15,5.0,35.0,5.0,5.0,5.0,5.0,5.0,5.0,5.0,machine_run_1,machine_annotation,Human,4.0,64.0,4.0,3.0,3.0,5.0,5.0,2.0,5.0,4.0,5.0,5.0,5.0,3.0,5.0,2.0,4.0,4.0
H016,5.0,4.75,2.0,4.333333333333333,5.0,4.216666666666667,P,16,5.0,35.0,5.0,5.0,5.0,5.0,5.0,5.0,5.0,machine_run_1,machine_annotation,Human,3.875,62.0,4.0,3.0,3.0,5.0,5.0,1.0,5.0,4.0,5.0,5.0,5.0,3.0,5.0,1.0,4.0,4.0
H017,5.0,4.75,2.0,4.333333333333333,5.0,4.216666666666667,P,17,5.0,35.0,5.0,5.0,5.0,5.0,5.0,5.0,5.0,machine_run_1,machine_annotation,Human,3.875,62.0,4.0,3.0,3.0,5.0,5.0,1.0,5.0,4.0,5.0,5.0,5.0,3.0,5.0,1.0,4.0,4.0
H018,5.0,4.75,3.6666666666666665,4.333333333333333,5.0,4.55,P,18,5.0,35.0,5.0,5.0,5.0,5.0,5.0,5.0,5.0,machine_run_1,machine_annotation,Human,4.25,68.0,4.0,3.0,4.0,5.0,5.0,3.0,5.0,4.0,5.0,5.0,5.0,4.0,5.0,3.0,4.0,4.0
H019,5.0,4.75,3.083333333333333,4.333333333333333,5.0,4.433333333333333,P,19,5.0,35.0,5.0,5.0,5.0,5.0,5.0,5.0,5.0,machine_run_1,machine_annotation,Human,4.125,66.0,4.0,3.0,4.0,5.0,5.0,2.0,5.0,4.0,5.0,5.0,5.0,4.0,5.0,2.0,4.0,4.0
H020,5.0,4.75,2.0,4.333333333333333,5.0,4.216666666666667,P,20,5.0,35.0,5.0,5.0,5.0,5.0,5.0,5.0,5.0,machine_run_1,machine_annotation,Human,3.875,62.0,4.0,3.0,3.0,5.0,5.0,1.0,5.0,4.0,5.0,5.0,5.0,3.0,5.0,1.0,4.0,4.0
H021,5.0,4.75,2.583333333333333,4.333333333333333,5.0,4.333333333333333,P,21,5.0,35.0,5.0,5.0,5.0,5.0,5.0,5.0,5.0,machine_run_1,machine_annotation,Human,4.0,64.0,4.0,3.0,3.0,5.0,5.0,2.0,5.0,4.0,5.0,5.0,5.0,3.0,5.0,2.0,4.0,4.0
H022,5.0,4.75,2.583333333333333,4.333333333333333,5.0,4.333333333333333,P,22,5.0,35.0,5.0,5.0,5.0,5.0,5.0,5.0,5.0,machine_run_1,machine_annotation,Human,4.0,64.0,4.0,3.0,3.0,5.0,5.0,2.0,5.0,4.0,5.0,5.0,5.0,3.0,5.0,2.0,4.0,4.0
H023,5.0,4.75,3.083333333333333,4.333333333333333,5.0,4.433333333333333,P,23,5.0,35.0,5.0,5.0,5.0,5.0,5.0,5.0,5.0,machine_run_1,machine_annotation,Human,4.125,66.0,4.0,3.0,4.0,5.0,5.0,2.0,5.0,4.0,5.0,5.0,5.0,4.0,5.0,2.0,4.0,4.0
H024,5.0,4.75,3.6666666666666665,4.333333333333333,5.0,4.55,P,24,5.0,35.0,5.0,5.0,5.0,5.0,5.0,5.0,5.0,machine_run_1,machine_annotation,Human,4.25,68.0,4.0,3.0,4.0,5.0,5.0,3.0,5.0,4.0,5.0,5.0,5.0,4.0,5.0,3.0,4.0,4.0
H025,5.0,4.75,2.583333333333333,4.333333333333333,5.0,4.333333333333333,P,25,5.0,35.0,5.0,5.0,5.0,5.0,5.0,5.0,5.0,machine_run_1,machine_annotation,Human,4.0,64.0,4.0,3.0,3.0,5.0,5.0,2.0,5.0,4.0,5.0,5.0,5.0,3.0,5.0,2.0,4.0,4.0
H026,5.0,4.75,3.6666666666666665,4.333333333333333,5.0,4.55,P,26,5.0,35.0,5.0,5.0,5.0,5.0,5.0,5.0,5.0,machine_run_1,machine_annotation,Human,4.25,68.0,4.0,3.0,4.0,5.0,5.0,3.0,5.0,4.0,5.0,5.0,5.0,4.0,5.0,3.0,4.0,4.0
H027,5.0,4.75,3.6666666666666665,4.333333333333333,5.0,4.55,P,27,5.0,35.0,5.0,5.0,5.0,5.0,5.0,5.0,5.0,machine_run_1,machine_annotation,Human,4.25,68.0,4.0,3.0,4.0,5.0,5.0,3.0,5.0,4.0,5.0,5.0,5.0,4.0,5.0,3.0,4.0,4.0
H028,5.0,4.75,3.6666666666666665,4.333333333333333,5.0,4.55,P,28,5.0,35.0,5.0,5.0,5.0,5.0,5.0,5.0,5.0,machine_run_1,machine_annotation,Human,4.25,68.0,4.0,3.0,4.0,5.0,5.0,3.0,5.0,4.0,5.0,5.0,5.0,4.0,5.0,3.0,4.0,4.0
H029,5.0,4.75,3.6666666666666665,4.333333333333333,5.0,4.55,P,29,5.0,35.0,5.0,5.0,5.0,5.0,5.0,5.0,5.0,machine_run_1,machine_annotation,Human,4.25,68.0,4.0,3.0,4.0,5.0,5.0,3.0,5.0,4.0,5.0,5.0,5.0,4.0,5.0,3.0,4.0,4.0
H030,5.0,4.75,3.6666666666666665,4.333333333333333,5.0,4.55,P,30,5.0,35.0,5.0,5.0,5.0,5.0,5.0,5.0,5.0,machine_run_1,machine_annotation,Human,4.25,68.0,4.0,3.0,4.0,5.0,5.0,3.0,5.0,4.0,5.0,5.0,5.0,4.0,5.0,3.0,4.0,4.0
H031,5.0,4.75,3.6666666666666665,4.333333333333333,5.0,4.55,P,31,5.0,35.0,5.0,5.0,5.0,5.0,5.0,5.0,5.0,machine_run_1,machine_annotation,Human,4.25,68.0,4.0,3.0,4.0,5.0,5.0,3.0,5.0,4.0,5.0,5.0,5.0,4.0,5.0,3.0,4.0,4.0
H032,5.0,4.75,3.6666666666666665,4.333333333333333,5.0,4.55,P,32,5.0,35.0,5.0,5.0,5.0,5.0,5.0,5.0,5.0,machine_run_1,machine_annotation,Human,4.25,68.0,4.0,3.0,4.0,5.0,5.0,3.0,5.0,4.0,5.0,5.0,5.0,4.0,5.0,3.0,4.0,4.0
H033,5.0,4.75,3.6666666666666665,4.333333333333333,5.0,4.55,P,33,5.0,35.0,5.0,5.0,5.0,5.0,5.0,5.0,5.0,machine_run_1,machine_annotation,Human,4.25,68.0,4.0,3.0,4.0,5.0,5.0,3.0,5.0,4.0,5.0,5.0,5.0,4.0,5.0,3.0,4.0,4.0
H034,5.0,4.75,3.6666666666666665,4.333333333333333,5.0,4.55,P,34,5.0,35.0,5.0,5.0,5.0,5.0,5.0,5.0,5.0,machine_run_1,machine_annotation,Human,4.25,68.0,4.0,3.0,4.0,5.0,5.0,3.0,5.0,4.0,5.0,5.0,5.0,4.0,5.0,3.0,4.0,4.0
H035,5.0,4.75,3.6666666666666665,4.333333333333333,5.0,4.55,P,35,5.0,35.0,5.0,5.0,5.0,5.0,5.0,5.0,5.0,machine_run_1,machine_annotation,Human,4.25,68.0,4.0,3.0,4.0,5.0,5.0,3.0,5.0,4.0,5.0,5.0,5.0,4.0,5.0,3.0,4.0,4.0
H036,5.0,4.75,3.6666666666666665,4.333333333333333,5.0,4.55,P,36,5.0,35.0,5.0,5.0,5.0,5.0,5.0,5.0,5.0,machine_run_1,machine_annotation,Human,4.25,68.0,4.0,3.0,4.0,5.0,5.0,3.0,5.0,4.0,5.0,5.0,5.0,4.0,5.0,3.0,4.0,4.0
H037,5.0,4.75,3.6666666666666665,4.333333333333333,5.0,4.55,P,37,5.0,35.0,5.0,5.0,5.0,5.0,5.0,5.0,5.0,machine_run_1,machine_annotation,Human,4.25,68.0,4.0,3.0,4.0,5.0,5.0,3.0,5.0,4.0,5.0,5.0,5.0,4.0,5.0,3.0,4.0,4.0
H038,5.0,4.75,3.6666666666666665,4.333333333333333,5.0,4.55,P,38,5.0,35.0,5.0,5.0,5.0,5.0,5.0,5.0,5.0,machine_run_1,machine_annotation,Human,4.25,68.0,4.0,3.0,4.0,5.0,5.0,3.0,5.0,4.0,5.0,5.0,5.0,4.0,5.0,3.0,4.0,4.0
H039,5.0,4.75,3.6666666666666665,4.333333333333333,5.0,4.55,P,39,5.0,35.0,5.0,5.0,5.0,5.0,5.0,5.0,5.0,machine_run_1,machine_annotation,Human,4.25,68.0,4.0,3.0,4.0,5.0,5.0,3.0,5.0,4.0,5.0,5.0,5.0,4.0,5.0,3.0,4.0,4.0
H040,5.0,4.75,3.6666666666666665,4.333333333333333,5.0,4.55,P,40,5.0,35.0,5.0,5.0,5.0,5.0,5.0,5.0,5.0,machine_run_1,machine_annotation,Human,4.25,68.0,4.0,3.0,4.0,5.0,5.0,3.0,5.0,4.0,5.0,5.0,5.0,4.0,5.0,3.0,4.0,4.0
H041,5.0,4.75,3.6666666666666665,4.333333333333333,5.0,4.55,P,41,5.0,35.0,5.0,5.0,5.0,5.0,5.0,5.0,5.0,machine_run_1,machine_annotation,Human,4.25,68.0,4.0,3.0,4.0,5.0,5.0,3.0,5.0,4.0,5.0,5.0,5.0,4.0,5.0,3.0,4.0,4.0
H042,5.0,4.75,3.6666666666666665,4.333333333333333,5.0,4.55,P,42,5.0,35.0,5.0,5.0,5.0,5.0,5.0,5.0,5.0,machine_run_1,machine_annotation,Human,4.25,68.0,4.0,3.0,4.0,5.0,5.0,3.0,5.0,4.0,5.0,5.0,5.0,4.0,5.0,3.0,4.0,4.0
H043,5.0,4.75,3.083333333333333,4.0,5.0,4.366666666666666,P,43,5.0,35.0,5.0,5.0,5.0,5.0,5.0,5.0,5.0,machine_run_1,machine_annotation,Human,4.0625,65.0,4.0,3.0,4.0,5.0,5.0,2.0,5.0,4.0,5.0,5.0,5.0,4.0,5.0,2.0,4.0,3.0
H044,5.0,4.75,3.083333333333333,4.0,5.0,4.366666666666666,P,44,5.0,35.0,5.0,5.0,5.0,5.0,5.0,5.0,5.0,machine_run_1,machine_annotation,Human,4.0625,65.0,4.0,3.0,4.0,5.0,5.0,2.0,5.0,4.0,5.0,5.0,5.0,4.0,5.0,2.0,4.0,3.0
H045,5.0,4.75,3.6666666666666665,4.0,5.0,4.483333333333333,P,45,5.0,35.0,5.0,5.0,5.0,5.0,5.0,5.0,5.0,machine_run_1,machine_annotation,Human,4.1875,67.0,4.0,3.0,4.0,5.0,5.0,3.0,5.0,4.0,5.0,5.0,5.0,4.0,5.0,3.0,4.0,3.0
H046,5.0,4.75,3.083333333333333,4.0,5.0,4.366666666666666,P,46,5.0,35.0,5.0,5.0,5.0,5.0,5.0,5.0,5.0,machine_run_1,machine_annotation,Human,4.0625,65.0,4.0,3.0,4.0,5.0,5.0,2.0,5.0,4.0,5.0,5.0,5.0,4.0,5.0,2.0,4.0,3.0
H047,5.0,4.75,2.583333333333333,4.0,5.0,4.266666666666667,P,47,5.0,35.0,5.0,5.0,5.0,5.0,5.0,5.0,5.0,machine_run_1,machine_annotation,Human,3.9375,63.0,4.0,3.0,3.0,5.0,5.0,2.0,5.0,4.0,5.0,5.0,5.0,3.0,5.0,2.0,4.0,3.0
H048,5.0,4.75,2.583333333333333,4.0,5.0,4.266666666666667,P,48,5.0,35.0,5.0,5.0,5.0,5.0,5.0,5.0,5.0,machine_run_1,machine_annotation,Human,3.9375,63.0,4.0,3.0,3.0,5.0,5.0,2.0,5.0,4.0,5.0,5.0,5.0,3.0,5.0,2.0,4.0,3.0
H049,5.0,4.75,2.583333333333333,4.0,5.0,4.266666666666667,P,49,5.0,35.0,5.0,5.0,5.0,5.0,5.0,5.0,5.0,machine_run_1,machine_annotation,Human,3.9375,63.0,4.0,3.0,3.0,5.0,5.0,2.0,5.0,4.0,5.0,5.0,5.0,3.0,5.0,2.0,4.0,3.0
H050,5.0,4.75,2.583333333333333,4.0,5.0,4.266666666666667,P,50,5.0,35.0,5.0,5.0,5.0,5.0,5.0,5.0,5.0,machine_run_1,machine_annotation,Human,3.9375,63.0,4.0,3.0,3.0,5.0,5.0,2.0,5.0,4.0,5.0,5.0,5.0,3.0,5.0,2.0,4.0,3.0
H001,5.0,4.5,3.6666666666666665,4.333333333333333,5.0,4.5,P,1,5.0,35.0,5.0,5.0,5.0,5.0,5.0,5.0,5.0,machine_run_2,machine_annotation,Human,4.1875,67.0,3.0,3.0,4.0,5.0,5.0,3.0,5.0,4.0,5.0,5.0,5.0,4.0,5.0,3.0,4.0,4.0
H002,5.0,4.75,2.583333333333333,4.333333333333333,5.0,4.333333333333333,P,2,5.0,35.0,5.0,5.0,5.0,5.0,5.0,5.0,5.0,machine_run_2,machine_annotation,Human,4.0,64.0,4.0,3.0,3.0,5.0,5.0,2.0,5.0,4.0,5.0,5.0,5.0,3.0,5.0,2.0,4.0,4.0
H003,5.0,4.75,2.0,4.333333333333333,4.833333333333333,4.183333333333333,P,3,4.857142857142857,34.0,5.0,5.0,5.0,5.0,5.0,5.0,4.0,machine_run_2,machine_annotation,Human,3.875,62.0,4.0,3.0,3.0,5.0,5.0,1.0,5.0,4.0,5.0,5.0,5.0,3.0,5.0,1.0,4.0,4.0
H004,4.833333333333333,4.75,1.5,4.0,4.666666666666667,3.95,P,4,4.714285714285714,33.0,5.0,5.0,5.0,4.0,5.0,4.0,5.0,machine_run_2,machine_annotation,Human,3.625,58.0,4.0,3.0,2.0,5.0,5.0,1.0,4.0,4.0,5.0,5.0,5.0,2.0,5.0,1.0,3.0,4.0
H005,5.0,4.75,2.0,4.333333333333333,5.0,4.216666666666667,P,5,5.0,35.0,5.0,5.0,5.0,5.0,5.0,5.0,5.0,machine_run_2,machine_annotation,Human,3.875,62.0,4.0,3.0,3.0,5.0,5.0,1.0,5.0,4.0,5.0,5.0,5.0,3.0,5.0,1.0,4.0,4.0
H006,5.0,4.75,2.9166666666666665,4.0,5.0,4.333333333333334,P,6,5.0,35.0,5.0,5.0,5.0,5.0,5.0,5.0,5.0,machine_run_2,machine_annotation,Human,4.0,64.0,4.0,3.0,3.0,5.0,5.0,3.0,5.0,4.0,5.0,5.0,5.0,3.0,5.0,2.0,4.0,3.0
H007,5.0,4.75,2.583333333333333,4.333333333333333,5.0,4.333333333333333,P,7,5.0,35.0,5.0,5.0,5.0,5.0,5.0,5.0,5.0,machine_run_2,machine_annotation,Human,4.0,64.0,4.0,3.0,3.0,5.0,5.0,2.0,5.0,4.0,5.0,5.0,5.0,3.0,5.0,2.0,4.0,4.0
H008,5.0,4.75,2.25,4.333333333333333,5.0,4.266666666666667,P,8,5.0,35.0,5.0,5.0,5.0,5.0,5.0,5.0,5.0,machine_run_2,machine_annotation,Human,3.9375,63.0,4.0,3.0,3.0,5.0,5.0,1.0,5.0,4.0,5.0,5.0,5.0,4.0,5.0,1.0,4.0,4.0
H009,5.0,4.75,2.833333333333333,4.333333333333333,5.0,4.383333333333333,P,9,5.0,35.0,5.0,5.0,5.0,5.0,5.0,5.0,5.0,machine_run_2,machine_annotation,Human,4.0625,65.0,4.0,3.0,3.0,5.0,5.0,2.0,5.0,4.0,5.0,5.0,5.0,3.0,5.0,3.0,4.0,4.0
H010,5.0,4.75,3.083333333333333,4.333333333333333,5.0,4.433333333333333,P,10,5.0,35.0,5.0,5.0,5.0,5.0,5.0,5.0,5.0,machine_run_2,machine_annotation,Human,4.125,66.0,4.0,3.0,4.0,5.0,5.0,2.0,5.0,4.0,5.0,5.0,5.0,4.0,5.0,2.0,4.0,4.0
H011,5.0,4.75,2.583333333333333,4.0,4.611111111111112,4.188888888888888,P,11,4.857142857142857,34.0,5.0,5.0,5.0,5.0,5.0,5.0,4.0,machine_run_2,machine_annotation,Human,3.875,62.0,4.0,3.0,3.0,5.0,5.0,2.0,5.0,3.0,5.0,5.0,5.0,3.0,5.0,2.0,3.0,4.0
H012,5.0,4.75,3.4166666666666665,4.0,5.0,4.433333333333334,P,12,5.0,35.0,5.0,5.0,5.0,5.0,5.0,5.0,5.0,machine_run_2,machine_annotation,Human,4.125,66.0,4.0,3.0,3.0,5.0,5.0,3.0,5.0,4.0,5.0,5.0,5.0,4.0,5.0,3.0,4.0,3.0
H013,5.0,4.75,2.583333333333333,4.333333333333333,5.0,4.333333333333333,P,13,5.0,35.0,5.0,5.0,5.0,5.0,5.0,5.0,5.0,machine_run_2,machine_annotation,Human,4.0,64.0,4.0,3.0,3.0,5.0,5.0,2.0,5.0,4.0,5.0,5.0,5.0,3.0,5.0,2.0,4.0,4.0
H014,5.0,4.25,3.6666666666666665,4.333333333333333,4.833333333333333,4.416666666666666,P,14,4.857142857142857,34.0,5.0,5.0,5.0,5.0,4.0,5.0,5.0,machine_run_2,machine_annotation,Human,4.125,66.0,3.0,3.0,4.0,5.0,5.0,3.0,4.0,4.0,5.0,5.0,5.0,4.0,5.0,3.0,4.0,4.0
H015,5.0,4.75,2.583333333333333,4.333333333333333,5.0,4.333333333333333,P,15,5.0,35.0,5.0,5.0,5.0,5.0,5.0,5.0,5.0,machine_run_2,machine_annotation,Human,4.0,64.0,4.0,3.0,3.0,5.0,5.0,2.0,5.0,4.0,5.0,5.0,5.0,3.0,5.0,2.0,4.0,4.0
H016,5.0,4.75,2.0,4.333333333333333,5.0,4.216666666666667,P,16,5.0,35.0,5.0,5.0,5.0,5.0,5.0,5.0,5.0,machine_run_2,machine_annotation,Human,3.875,62.0,4.0,3.0,3.0,5.0,5.0,1.0,5.0,4.0,5.0,5.0,5.0,3.0,5.0,1.0,4.0,4.0
H017,5.0,4.75,2.0,4.333333333333333,4.833333333333333,4.183333333333333,P,17,4.857142857142857,34.0,5.0,5.0,5.0,4.0,5.0,5.0,5.0,machine_run_2,machine_annotation,Human,3.875,62.0,4.0,3.0,3.0,5.0,5.0,1.0,5.0,4.0,5.0,5.0,5.0,3.0,5.0,1.0,4.0,4.0
H018,5.0,4.75,4.0,3.6666666666666665,5.0,4.483333333333333,P,18,5.0,35.0,5.0,5.0,5.0,5.0,5.0,5.0,5.0,machine_run_2,machine_annotation,Human,4.1875,67.0,4.0,3.0,4.0,5.0,5.0,4.0,5.0,4.0,5.0,5.0,5.0,4.0,5.0,3.0,3.0,3.0
H019,5.0,4.75,3.083333333333333,4.333333333333333,4.833333333333333,4.4,P,19,4.857142857142857,34.0,5.0,5.0,5.0,5.0,5.0,5.0,4.0,machine_run_2,machine_annotation,Human,4.125,66.0,4.0,3.0,4.0,5.0,5.0,2.0,5.0,4.0,5.0,5.0,5.0,4.0,5.0,2.0,4.0,4.0
H020,5.0,4.75,2.25,3.6666666666666665,5.0,4.133333333333334,P,20,5.0,35.0,5.0,5.0,5.0,5.0,5.0,5.0,5.0,machine_run_2,machine_annotation,Human,3.8125,61.0,4.0,3.0,3.0,5.0,3.0,1.0,5.0,4.0,5.0,5.0,5.0,3.0,5.0,2.0,4.0,4.0
H021,4.833333333333333,4.75,2.583333333333333,4.333333333333333,5.0,4.3,P,21,4.857142857142857,34.0,5.0,5.0,5.0,5.0,5.0,4.0,5.0,machine_run_2,machine_annotation,Human,4.0,64.0,4.0,3.0,3.0,5.0,5.0,2.0,5.0,4.0,5.0,5.0,5.0,3.0,5.0,2.0,4.0,4.0
H022,5.0,4.75,2.833333333333333,4.333333333333333,5.0,4.383333333333333,P,22,5.0,35.0,5.0,5.0,5.0,5.0,5.0,5.0,5.0,machine_run_2,machine_annotation,Human,4.0625,65.0,4.0,3.0,3.0,5.0,5.0,2.0,5.0,4.0,5.0,5.0,5.0,4.0,5.0,2.0,4.0,4.0
H023,5.0,4.75,3.083333333333333,4.333333333333333,5.0,4.433333333333333,P,23,5.0,35.0,5.0,5.0,5.0,5.0,5.0,5.0,5.0,machine_run_2,machine_annotation,Human,4.125,66.0,4.0,3.0,4.0,5.0,5.0,2.0,5.0,4.0,5.0,5.0,5.0,4.0,5.0,2.0,4.0,4.0
H024,5.0,4.75,3.6666666666666665,4.0,4.833333333333333,4.45,P,24,5.0,35.0,5.0,5.0,5.0,5.0,5.0,5.0,5.0,machine_run_2,machine_annotation,Human,4.125,66.0,4.0,3.0,4.0,5.0,5.0,3.0,4.0,4.0,5.0,5.0,5.0,4.0,5.0,3.0,4.0,3.0
H025,5.0,4.75,2.583333333333333,4.0,5.0,4.266666666666667,P,25,5.0,35.0,5.0,5.0,5.0,5.0,5.0,5.0,5.0,machine_run_2,machine_annotation,Human,3.9375,63.0,4.0,3.0,3.0,5.0,5.0,2.0,5.0,4.0,5.0,5.0,5.0,3.0,5.0,2.0,3.0,4.0
H026,5.0,4.75,3.6666666666666665,4.333333333333333,5.0,4.55,P,26,5.0,35.0,5.0,5.0,5.0,5.0,5.0,5.0,5.0,machine_run_2,machine_annotation,Human,4.25,68.0,4.0,3.0,4.0,5.0,5.0,3.0,5.0,4.0,5.0,5.0,5.0,4.0,5.0,3.0,4.0,4.0
H027,5.0,4.75,3.6666666666666665,4.333333333333333,5.0,4.55,P,27,5.0,35.0,5.0,5.0,5.0,5.0,5.0,5.0,5.0,machine_run_2,machine_annotation,Human,4.25,68.0,4.0,3.0,4.0,5.0,5.0,3.0,5.0,4.0,5.0,5.0,5.0,4.0,5.0,3.0,4.0,4.0
H028,5.0,4.5,3.6666666666666665,4.333333333333333,4.833333333333333,4.466666666666667,P,28,4.857142857142857,34.0,5.0,5.0,5.0,5.0,5.0,5.0,4.0,machine_run_2,machine_annotation,Human,4.1875,67.0,3.0,3.0,4.0,5.0,5.0,3.0,5.0,4.0,5.0,5.0,5.0,4.0,5.0,3.0,4.0,4.0
H029,5.0,4.5,3.6666666666666665,4.333333333333333,4.833333333333333,4.466666666666667,P,29,4.857142857142857,34.0,5.0,5.0,5.0,5.0,5.0,5.0,4.0,machine_run_2,machine_annotation,Human,4.1875,67.0,3.0,3.0,4.0,5.0,5.0,3.0,5.0,4.0,5.0,5.0,5.0,4.0,5.0,3.0,4.0,4.0
H030,5.0,4.5,3.6666666666666665,4.333333333333333,4.833333333333333,4.466666666666667,P,30,4.857142857142857,34.0,5.0,5.0,5.0,5.0,5.0,5.0,4.0,machine_run_2,machine_annotation,Human,4.1875,67.0,3.0,3.0,4.0,5.0,5.0,3.0,5.0,4.0,5.0,5.0,5.0,4.0,5.0,3.0,4.0,4.0
H031,5.0,4.75,3.6666666666666665,4.333333333333333,4.777777777777778,4.5055555555555555,P,31,5.0,35.0,5.0,5.0,5.0,5.0,5.0,5.0,5.0,machine_run_2,machine_annotation,Human,4.1875,67.0,4.0,3.0,4.0,5.0,5.0,3.0,5.0,3.0,5.0,5.0,5.0,4.0,5.0,3.0,4.0,4.0
H032,5.0,4.75,3.6666666666666665,4.333333333333333,4.777777777777778,4.5055555555555555,P,32,5.0,35.0,5.0,5.0,5.0,5.0,5.0,5.0,5.0,machine_run_2,machine_annotation,Human,4.1875,67.0,4.0,3.0,4.0,5.0,5.0,3.0,5.0,3.0,5.0,5.0,5.0,4.0,5.0,3.0,4.0,4.0
H033,5.0,4.75,3.6666666666666665,4.333333333333333,5.0,4.55,P,33,5.0,35.0,5.0,5.0,5.0,5.0,5.0,5.0,5.0,machine_run_2,machine_annotation,Human,4.25,68.0,4.0,3.0,4.0,5.0,5.0,3.0,5.0,4.0,5.0,5.0,5.0,4.0,5.0,3.0,4.0,4.0
H034,5.0,4.75,3.6666666666666665,4.333333333333333,5.0,4.55,P,34,5.0,35.0,5.0,5.0,5.0,5.0,5.0,5.0,5.0,machine_run_2,machine_annotation,Human,4.25,68.0,4.0,3.0,4.0,5.0,5.0,3.0,5.0,4.0,5.0,5.0,5.0,4.0,5.0,3.0,4.0,4.0
H035,5.0,4.75,3.75,4.0,4.833333333333333,4.466666666666667,P,35,4.857142857142857,34.0,5.0,5.0,5.0,4.0,5.0,5.0,5.0,machine_run_2,machine_annotation,Human,4.1875,67.0,4.0,3.0,3.0,5.0,5.0,4.0,5.0,4.0,5.0,5.0,5.0,4.0,5.0,3.0,4.0,3.0
H036,5.0,4.75,3.75,4.0,4.833333333333333,4.466666666666667,P,36,4.857142857142857,34.0,5.0,5.0,5.0,4.0,5.0,5.0,5.0,machine_run_2,machine_annotation,Human,4.1875,67.0,4.0,3.0,3.0,5.0,5.0,4.0,5.0,4.0,5.0,5.0,5.0,4.0,5.0,3.0,4.0,3.0
H037,5.0,4.75,3.75,4.0,4.833333333333333,4.466666666666667,P,37,4.857142857142857,34.0,5.0,5.0,5.0,4.0,5.0,5.0,5.0,machine_run_2,machine_annotation,Human,4.1875,67.0,4.0,3.0,3.0,5.0,5.0,4.0,5.0,4.0,5.0,5.0,5.0,4.0,5.0,3.0,4.0,3.0
H038,5.0,4.75,3.9166666666666665,4.333333333333333,5.0,4.6,P,38,5.0,35.0,5.0,5.0,5.0,5.0,5.0,5.0,5.0,machine_run_2,machine_annotation,Human,4.3125,69.0,4.0,3.0,4.0,5.0,5.0,3.0,5.0,4.0,5.0,5.0,5.0,4.0,5.0,4.0,4.0,4.0
H039,5.0,4.75,3.9166666666666665,4.333333333333333,5.0,4.6,P,39,5.0,35.0,5.0,5.0,5.0,5.0,5.0,5.0,5.0,machine_run_2,machine_annotation,Human,4.3125,69.0,4.0,3.0,4.0,5.0,5.0,3.0,5.0,4.0,5.0,5.0,5.0,4.0,5.0,4.0,4.0,4.0
H040,5.0,4.75,3.6666666666666665,4.0,5.0,4.483333333333333,P,40,5.0,35.0,5.0,5.0,5.0,5.0,5.0,5.0,5.0,machine_run_2,machine_annotation,Human,4.1875,67.0,4.0,3.0,4.0,5.0,5.0,3.0,5.0,4.0,5.0,5.0,5.0,4.0,5.0,3.0,3.0,4.0
H041,5.0,4.75,3.6666666666666665,4.0,5.0,4.483333333333333,P,41,5.0,35.0,5.0,5.0,5.0,5.0,5.0,5.0,5.0,machine_run_2,machine_annotation,Human,4.1875,67.0,4.0,3.0,4.0,5.0,5.0,3.0,5.0,4.0,5.0,5.0,5.0,4.0,5.0,3.0,3.0,4.0
H042,5.0,4.75,3.6666666666666665,4.0,5.0,4.483333333333333,P,42,5.0,35.0,5.0,5.0,5.0,5.0,5.0,5.0,5.0,machine_run_2,machine_annotation,Human,4.1875,67.0,4.0,3.0,4.0,5.0,5.0,3.0,5.0,4.0,5.0,5.0,5.0,4.0,5.0,3.0,3.0,4.0
H043,5.0,4.5,3.083333333333333,4.0,5.0,4.316666666666666,P,43,4.857142857142857,34.0,5.0,5.0,5.0,5.0,4.0,5.0,5.0,machine_run_2,machine_annotation,Human,4.0625,65.0,4.0,3.0,4.0,5.0,5.0,2.0,5.0,4.0,5.0,5.0,5.0,4.0,5.0,2.0,4.0,3.0
H044,5.0,4.75,3.083333333333333,4.0,4.833333333333333,4.333333333333333,P,44,5.0,35.0,5.0,5.0,5.0,5.0,5.0,5.0,5.0,machine_run_2,machine_annotation,Human,4.0,64.0,4.0,3.0,4.0,5.0,5.0,2.0,4.0,4.0,5.0,5.0,5.0,4.0,5.0,2.0,4.0,3.0
H045,5.0,4.75,3.6666666666666665,4.0,4.833333333333333,4.45,P,45,4.857142857142857,34.0,5.0,5.0,5.0,5.0,5.0,5.0,4.0,machine_run_2,machine_annotation,Human,4.1875,67.0,4.0,3.0,4.0,5.0,5.0,3.0,5.0,4.0,5.0,5.0,5.0,4.0,5.0,3.0,4.0,3.0
H046,5.0,4.75,3.333333333333333,4.0,5.0,4.416666666666666,P,46,5.0,35.0,5.0,5.0,5.0,5.0,5.0,5.0,5.0,machine_run_2,machine_annotation,Human,4.125,66.0,4.0,3.0,4.0,5.0,5.0,2.0,5.0,4.0,5.0,5.0,5.0,5.0,5.0,2.0,4.0,3.0
H047,5.0,4.75,2.583333333333333,4.0,5.0,4.266666666666667,P,47,5.0,35.0,5.0,5.0,5.0,5.0,5.0,5.0,5.0,machine_run_2,machine_annotation,Human,3.9375,63.0,4.0,3.0,3.0,5.0,5.0,2.0,5.0,4.0,5.0,5.0,5.0,3.0,5.0,2.0,4.0,3.0
H048,4.833333333333333,4.75,2.583333333333333,4.0,5.0,4.2333333333333325,P,48,4.857142857142857,34.0,5.0,5.0,5.0,5.0,5.0,4.0,5.0,machine_run_2,machine_annotation,Human,3.9375,63.0,4.0,3.0,3.0,5.0,5.0,2.0,5.0,4.0,5.0,5.0,5.0,3.0,5.0,2.0,4.0,3.0
H049,5.0,4.75,2.583333333333333,3.6666666666666665,5.0,4.2,P,49,5.0,35.0,5.0,5.0,5.0,5.0,5.0,5.0,5.0,machine_run_2,machine_annotation,Human,3.875,62.0,4.0,3.0,3.0,5.0,5.0,2.0,5.0,4.0,5.0,5.0,5.0,3.0,5.0,2.0,3.0,3.0
H050,5.0,4.5,2.583333333333333,4.0,5.0,4.216666666666667,P,50,5.0,35.0,5.0,5.0,5.0,5.0,5.0,5.0,5.0,machine_run_2,machine_annotation,Human,3.875,62.0,3.0,3.0,3.0,5.0,5.0,2.0,5.0,4.0,5.0,5.0,5.0,3.0,5.0,2.0,4.0,3.0
H001,5.0,4.75,4.0,4.333333333333333,5.0,4.616666666666666,P,1,5.0,35.0,5.0,5.0,5.0,5.0,5.0,5.0,5.0,machine_run_3,machine_annotation,Human,4.3125,69.0,4.0,3.0,4.0,5.0,5.0,4.0,5.0,4.0,5.0,5.0,5.0,4.0,5.0,3.0,4.0,4.0
H002,5.0,4.75,2.583333333333333,4.333333333333333,4.833333333333333,4.3,P,2,4.857142857142857,34.0,5.0,5.0,5.0,5.0,5.0,5.0,4.0,machine_run_3,machine_annotation,Human,4.0,64.0,4.0,3.0,3.0,5.0,5.0,2.0,5.0,4.0,5.0,5.0,5.0,3.0,5.0,2.0,4.0,4.0
H003,5.0,4.75,2.0,4.333333333333333,4.833333333333333,4.183333333333333,P,3,5.0,35.0,5.0,5.0,5.0,5.0,5.0,5.0,5.0,machine_run_3,machine_annotation,Human,3.8125,61.0,4.0,3.0,3.0,5.0,5.0,1.0,4.0,4.0,5.0,5.0,5.0,3.0,5.0,1.0,4.0,4.0
H004,5.0,4.75,1.5,4.333333333333333,5.0,4.116666666666666,P,4,5.0,35.0,5.0,5.0,5.0,5.0,5.0,5.0,5.0,machine_run_3,machine_annotation,Human,3.75,60.0,4.0,3.0,2.0,5.0,5.0,1.0,5.0,4.0,5.0,5.0,5.0,2.0,5.0,1.0,4.0,4.0
H005,5.0,4.75,2.25,4.0,5.0,4.2,P,5,5.0,35.0,5.0,5.0,5.0,5.0,5.0,5.0,5.0,machine_run_3,machine_annotation,Human,3.875,62.0,4.0,3.0,3.0,5.0,5.0,1.0,5.0,4.0,5.0,5.0,5.0,3.0,5.0,2.0,4.0,3.0
H006,5.0,4.75,2.583333333333333,4.333333333333333,5.0,4.333333333333333,P,6,5.0,35.0,5.0,5.0,5.0,5.0,5.0,5.0,5.0,machine_run_3,machine_annotation,Human,4.0,64.0,4.0,3.0,3.0,5.0,5.0,2.0,5.0,4.0,5.0,5.0,5.0,3.0,5.0,2.0,4.0,4.0
H007,5.0,4.75,2.833333333333333,4.0,5.0,4.316666666666666,P,7,5.0,35.0,5.0,5.0,5.0,5.0,5.0,5.0,5.0,machine_run_3,machine_annotation,Human,4.0,64.0,4.0,3.0,3.0,5.0,5.0,2.0,5.0,4.0,5.0,5.0,5.0,4.0,5.0,2.0,3.0,4.0
H008,5.0,4.75,2.0,3.6666666666666665,5.0,4.083333333333334,P,8,5.0,35.0,5.0,5.0,5.0,5.0,5.0,5.0,5.0,machine_run_3,machine_annotation,Human,3.75,60.0,4.0,3.0,3.0,5.0,3.0,1.0,5.0,4.0,5.0,5.0,5.0,3.0,5.0,1.0,4.0,4.0
H009,5.0,4.75,2.583333333333333,4.333333333333333,5.0,4.333333333333333,P,9,5.0,35.0,5.0,5.0,5.0,5.0,5.0,5.0,5.0,machine_run_3,machine_annotation,Human,4.0,64.0,4.0,3.0,3.0,5.0,5.0,2.0,5.0,4.0,5.0,5.0,5.0,3.0,5.0,2.0,4.0,4.0
H010,5.0,4.75,3.083333333333333,4.333333333333333,4.444444444444445,4.322222222222222,P,10,4.714285714285714,33.0,5.0,5.0,5.0,4.0,5.0,5.0,4.0,machine_run_3,machine_annotation,Human,4.0625,65.0,4.0,3.0,4.0,5.0,5.0,2.0,5.0,3.0,5.0,5.0,5.0,4.0,5.0,2.0,4.0,4.0
H011,5.0,4.75,2.583333333333333,4.0,5.0,4.266666666666667,P,11,5.0,35.0,5.0,5.0,5.0,5.0,5.0,5.0,5.0,machine_run_3,machine_annotation,Human,3.9375,63.0,4.0,3.0,3.0,5.0,5.0,2.0,5.0,4.0,5.0,5.0,5.0,3.0,5.0,2.0,4.0,3.0
H012,5.0,4.5,3.6666666666666665,4.333333333333333,5.0,4.5,P,12,5.0,35.0,5.0,5.0,5.0,5.0,5.0,5.0,5.0,machine_run_3,machine_annotation,Human,4.1875,67.0,3.0,3.0,4.0,5.0,5.0,3.0,5.0,4.0,5.0,5.0,5.0,4.0,5.0,3.0,4.0,4.0
H013,5.0,4.5,2.9166666666666665,4.333333333333333,4.833333333333333,4.316666666666666,P,13,4.857142857142857,34.0,5.0,5.0,5.0,5.0,4.0,5.0,5.0,machine_run_3,machine_annotation,Human,4.0,64.0,4.0,3.0,3.0,5.0,5.0,3.0,4.0,4.0,5.0,5.0,5.0,3.0,5.0,2.0,4.0,4.0
H014,5.0,4.75,3.6666666666666665,4.0,5.0,4.483333333333333,P,14,5.0,35.0,5.0,5.0,5.0,5.0,5.0,5.0,5.0,machine_run_3,machine_annotation,Human,4.1875,67.0,4.0,3.0,4.0,5.0,5.0,3.0,5.0,4.0,5.0,5.0,5.0,4.0,5.0,3.0,3.0,4.0
H015,4.833333333333333,4.75,2.583333333333333,4.333333333333333,5.0,4.3,P,15,4.857142857142857,34.0,5.0,5.0,5.0,5.0,5.0,4.0,5.0,machine_run_3,machine_annotation,Human,4.0,64.0,4.0,3.0,3.0,5.0,5.0,2.0,5.0,4.0,5.0,5.0,5.0,3.0,5.0,2.0,4.0,4.0
H016,5.0,4.75,2.25,4.333333333333333,5.0,4.266666666666667,P,16,5.0,35.0,5.0,5.0,5.0,5.0,5.0,5.0,5.0,machine_run_3,machine_annotation,Human,3.9375,63.0,4.0,3.0,3.0,5.0,5.0,1.0,5.0,4.0,5.0,5.0,5.0,3.0,5.0,2.0,4.0,4.0
H017,5.0,4.75,2.0,4.0,5.0,4.15,P,17,5.0,35.0,5.0,5.0,5.0,5.0,5.0,5.0,5.0,machine_run_3,machine_annotation,Human,3.8125,61.0,4.0,3.0,3.0,5.0,5.0,1.0,5.0,4.0,5.0,5.0,5.0,3.0,5.0,1.0,4.0,3.0
H018,5.0,4.75,3.6666666666666665,4.333333333333333,4.833333333333333,4.516666666666667,P,18,4.857142857142857,34.0,5.0,5.0,5.0,5.0,5.0,5.0,4.0,machine_run_3,machine_annotation,Human,4.25,68.0,4.0,3.0,4.0,5.0,5.0,3.0,5.0,4.0,5.0,5.0,5.0,4.0,5.0,3.0,4.0,4.0
H019,5.0,4.75,3.083333333333333,4.333333333333333,5.0,4.433333333333333,P,19,5.0,35.0,5.0,5.0,5.0,5.0,5.0,5.0,5.0,machine_run_3,machine_annotation,Human,4.125,66.0,4.0,3.0,4.0,5.0,5.0,2.0,5.0,4.0,5.0,5.0,5.0,4.0,5.0,2.0,4.0,4.0
H020,5.0,4.75,2.0,4.333333333333333,5.0,4.216666666666667,P,20,5.0,35.0,5.0,5.0,5.0,5.0,5.0,5.0,5.0,machine_run_3,machine_annotation,Human,3.875,62.0,4.0,3.0,3.0,5.0,5.0,1.0,5.0,4.0,5.0,5.0,5.0,3.0,5.0,1.0,4.0,4.0
H021,5.0,4.75,2.833333333333333,4.0,5.0,4.316666666666666,P,21,5.0,35.0,5.0,5.0,5.0,5.0,5.0,5.0,5.0,machine_run_3,machine_annotation,Human,4.0,64.0,4.0,3.0,3.0,5.0,5.0,2.0,5.0,4.0,5.0,5.0,5.0,4.0,5.0,2.0,3.0,4.0
H022,5.0,4.75,2.583333333333333,4.333333333333333,5.0,4.333333333333333,P,22,5.0,35.0,5.0,5.0,5.0,5.0,5.0,5.0,5.0,machine_run_3,machine_annotation,Human,4.0,64.0,4.0,3.0,3.0,5.0,5.0,2.0,5.0,4.0,5.0,5.0,5.0,3.0,5.0,2.0,4.0,4.0
H023,5.0,4.75,3.083333333333333,4.0,4.666666666666667,4.3,P,23,4.857142857142857,34.0,5.0,5.0,5.0,4.0,5.0,5.0,5.0,machine_run_3,machine_annotation,Human,4.0,64.0,4.0,3.0,4.0,5.0,5.0,2.0,4.0,4.0,5.0,5.0,5.0,4.0,5.0,2.0,4.0,3.0
H024,5.0,4.75,3.6666666666666665,4.333333333333333,5.0,4.55,P,24,5.0,35.0,5.0,5.0,5.0,5.0,5.0,5.0,5.0,machine_run_3,machine_annotation,Human,4.25,68.0,4.0,3.0,4.0,5.0,5.0,3.0,5.0,4.0,5.0,5.0,5.0,4.0,5.0,3.0,4.0,4.0
H025,5.0,4.5,2.9166666666666665,4.333333333333333,5.0,4.35,P,25,5.0,35.0,5.0,5.0,5.0,5.0,5.0,5.0,5.0,machine_run_3,machine_annotation,Human,4.0,64.0,3.0,3.0,3.0,5.0,5.0,3.0,5.0,4.0,5.0,5.0,5.0,3.0,5.0,2.0,4.0,4.0
H026,5.0,4.75,3.6666666666666665,4.333333333333333,4.833333333333333,4.516666666666667,P,26,4.857142857142857,34.0,5.0,5.0,5.0,5.0,5.0,5.0,4.0,machine_run_3,machine_annotation,Human,4.25,68.0,4.0,3.0,4.0,5.0,5.0,3.0,5.0,4.0,5.0,5.0,5.0,4.0,5.0,3.0,4.0,4.0
H027,5.0,4.75,3.6666666666666665,4.333333333333333,4.833333333333333,4.516666666666667,P,27,4.857142857142857,34.0,5.0,5.0,5.0,5.0,5.0,5.0,4.0,machine_run_3,machine_annotation,Human,4.25,68.0,4.0,3.0,4.0,5.0,5.0,3.0,5.0,4.0,5.0,5.0,5.0,4.0,5.0,3.0,4.0,4.0
H028,5.0,4.75,3.9166666666666665,4.333333333333333,4.777777777777778,4.555555555555555,P,28,5.0,35.0,5.0,5.0,5.0,5.0,5.0,5.0,5.0,machine_run_3,machine_annotation,Human,4.25,68.0,4.0,3.0,4.0,5.0,5.0,3.0,5.0,3.0,5.0,5.0,5.0,4.0,5.0,4.0,4.0,4.0
H029,5.0,4.75,3.9166666666666665,4.333333333333333,4.777777777777778,4.555555555555555,P,29,5.0,35.0,5.0,5.0,5.0,5.0,5.0,5.0,5.0,machine_run_3,machine_annotation,Human,4.25,68.0,4.0,3.0,4.0,5.0,5.0,3.0,5.0,3.0,5.0,5.0,5.0,4.0,5.0,4.0,4.0,4.0
H030,5.0,4.75,3.9166666666666665,4.333333333333333,4.777777777777778,4.555555555555555,P,30,5.0,35.0,5.0,5.0,5.0,5.0,5.0,5.0,5.0,machine_run_3,machine_annotation,Human,4.25,68.0,4.0,3.0,4.0,5.0,5.0,3.0,5.0,3.0,5.0,5.0,5.0,4.0,5.0,4.0,4.0,4.0
H031,5.0,4.75,3.6666666666666665,4.0,5.0,4.483333333333333,P,31,5.0,35.0,5.0,5.0,5.0,5.0,5.0,5.0,5.0,machine_run_3,machine_annotation,Human,4.1875,67.0,4.0,3.0,4.0,5.0,5.0,3.0,5.0,4.0,5.0,5.0,5.0,4.0,5.0,3.0,3.0,4.0
H032,5.0,4.75,3.6666666666666665,4.0,5.0,4.483333333333333,P,32,5.0,35.0,5.0,5.0,5.0,5.0,5.0,5.0,5.0,machine_run_3,machine_annotation,Human,4.1875,67.0,4.0,3.0,4.0,5.0,5.0,3.0,5.0,4.0,5.0,5.0,5.0,4.0,5.0,3.0,3.0,4.0
H033,5.0,4.75,3.4166666666666665,4.0,5.0,4.433333333333334,P,33,5.0,35.0,5.0,5.0,5.0,5.0,5.0,5.0,5.0,machine_run_3,machine_annotation,Human,4.125,66.0,4.0,3.0,3.0,5.0,5.0,3.0,5.0,4.0,5.0,5.0,5.0,4.0,5.0,3.0,4.0,3.0
H034,5.0,4.75,3.4166666666666665,4.0,5.0,4.433333333333334,P,34,5.0,35.0,5.0,5.0,5.0,5.0,5.0,5.0,5.0,machine_run_3,machine_annotation,Human,4.125,66.0,4.0,3.0,3.0,5.0,5.0,3.0,5.0,4.0,5.0,5.0,5.0,4.0,5.0,3.0,4.0,3.0
H035,5.0,4.75,3.6666666666666665,4.333333333333333,5.0,4.55,P,35,5.0,35.0,5.0,5.0,5.0,5.0,5.0,5.0,5.0,machine_run_3,machine_annotation,Human,4.25,68.0,4.0,3.0,4.0,5.0,5.0,3.0,5.0,4.0,5.0,5.0,5.0,4.0,5.0,3.0,4.0,4.0
H036,5.0,4.75,3.6666666666666665,4.333333333333333,5.0,4.55,P,36,5.0,35.0,5.0,5.0,5.0,5.0,5.0,5.0,5.0,machine_run_3,machine_annotation,Human,4.25,68.0,4.0,3.0,4.0,5.0,5.0,3.0,5.0,4.0,5.0,5.0,5.0,4.0,5.0,3.0,4.0,4.0
H037,5.0,4.75,3.6666666666666665,4.333333333333333,5.0,4.55,P,37,5.0,35.0,5.0,5.0,5.0,5.0,5.0,5.0,5.0,machine_run_3,machine_annotation,Human,4.25,68.0,4.0,3.0,4.0,5.0,5.0,3.0,5.0,4.0,5.0,5.0,5.0,4.0,5.0,3.0,4.0,4.0
H038,5.0,4.75,3.6666666666666665,3.6666666666666665,5.0,4.416666666666666,P,38,5.0,35.0,5.0,5.0,5.0,5.0,5.0,5.0,5.0,machine_run_3,machine_annotation,Human,4.125,66.0,4.0,3.0,4.0,5.0,3.0,3.0,5.0,4.0,5.0,5.0,5.0,4.0,5.0,3.0,4.0,4.0
H039,5.0,4.75,3.6666666666666665,3.6666666666666665,5.0,4.416666666666666,P,39,5.0,35.0,5.0,5.0,5.0,5.0,5.0,5.0,5.0,machine_run_3,machine_annotation,Human,4.125,66.0,4.0,3.0,4.0,5.0,3.0,3.0,5.0,4.0,5.0,5.0,5.0,4.0,5.0,3.0,4.0,4.0
H040,4.833333333333333,4.5,3.6666666666666665,4.333333333333333,5.0,4.466666666666667,P,40,4.714285714285714,33.0,5.0,5.0,5.0,5.0,4.0,4.0,5.0,machine_run_3,machine_annotation,Human,4.25,68.0,4.0,3.0,4.0,5.0,5.0,3.0,5.0,4.0,5.0,5.0,5.0,4.0,5.0,3.0,4.0,4.0
H041,4.833333333333333,4.5,3.6666666666666665,4.333333333333333,5.0,4.466666666666667,P,41,4.714285714285714,33.0,5.0,5.0,5.0,5.0,4.0,4.0,5.0,machine_run_3,machine_annotation,Human,4.25,68.0,4.0,3.0,4.0,5.0,5.0,3.0,5.0,4.0,5.0,5.0,5.0,4.0,5.0,3.0,4.0,4.0
H042,4.833333333333333,4.5,3.6666666666666665,4.333333333333333,5.0,4.466666666666667,P,42,4.714285714285714,33.0,5.0,5.0,5.0,5.0,4.0,4.0,5.0,machine_run_3,machine_annotation,Human,4.25,68.0,4.0,3.0,4.0,5.0,5.0,3.0,5.0,4.0,5.0,5.0,5.0,4.0,5.0,3.0,4.0,4.0
H043,5.0,4.75,3.083333333333333,4.0,4.833333333333333,4.333333333333333,P,43,5.0,35.0,5.0,5.0,5.0,5.0,5.0,5.0,5.0,machine_run_3,machine_annotation,Human,4.0,64.0,4.0,3.0,4.0,5.0,5.0,2.0,4.0,4.0,5.0,5.0,5.0,4.0,5.0,2.0,4.0,3.0
H044,5.0,4.75,3.083333333333333,4.0,4.833333333333333,4.333333333333333,P,44,4.857142857142857,34.0,5.0,5.0,5.0,5.0,5.0,5.0,4.0,machine_run_3,machine_annotation,Human,4.0625,65.0,4.0,3.0,4.0,5.0,5.0,2.0,5.0,4.0,5.0,5.0,5.0,4.0,5.0,2.0,4.0,3.0
H045,5.0,4.75,3.9166666666666665,3.6666666666666665,5.0,4.466666666666667,P,45,5.0,35.0,5.0,5.0,5.0,5.0,5.0,5.0,5.0,machine_run_3,machine_annotation,Human,4.1875,67.0,4.0,3.0,4.0,5.0,5.0,3.0,5.0,4.0,5.0,5.0,5.0,5.0,5.0,3.0,3.0,3.0
H046,5.0,4.75,3.083333333333333,4.0,4.833333333333333,4.333333333333333,P,46,4.857142857142857,34.0,5.0,5.0,5.0,4.0,5.0,5.0,5.0,machine_run_3,machine_annotation,Human,4.0625,65.0,4.0,3.0,4.0,5.0,5.0,2.0,5.0,4.0,5.0,5.0,5.0,4.0,5.0,2.0,4.0,3.0
H047,5.0,4.75,2.9166666666666665,4.0,5.0,4.333333333333334,P,47,5.0,35.0,5.0,5.0,5.0,5.0,5.0,5.0,5.0,machine_run_3,machine_annotation,Human,4.0,64.0,4.0,3.0,3.0,5.0,5.0,3.0,5.0,4.0,5.0,5.0,5.0,3.0,5.0,2.0,4.0,3.0
H048,5.0,4.5,2.833333333333333,4.0,5.0,4.266666666666667,P,48,5.0,35.0,5.0,5.0,5.0,5.0,5.0,5.0,5.0,machine_run_3,machine_annotation,Human,3.9375,63.0,3.0,3.0,3.0,5.0,5.0,2.0,5.0,4.0,5.0,5.0,5.0,3.0,5.0,3.0,4.0,3.0
H049,5.0,4.75,2.583333333333333,4.0,5.0,4.266666666666667,P,49,5.0,35.0,5.0,5.0,5.0,5.0,5.0,5.0,5.0,machine_run_3,machine_annotation,Human,3.9375,63.0,4.0,3.0,3.0,5.0,5.0,2.0,5.0,4.0,5.0,5.0,5.0,3.0,5.0,2.0,4.0,3.0
H050,5.0,4.75,2.583333333333333,4.0,5.0,4.266666666666667,P,50,5.0,35.0,5.0,5.0,5.0,5.0,5.0,5.0,5.0,machine_run_3,machine_annotation,Human,3.9375,63.0,4.0,3.0,3.0,5.0,5.0,2.0,5.0,4.0,5.0,5.0,5.0,3.0,5.0,2.0,4.0,3.0
H001,5.0,4.75,3.6666666666666665,4.333333333333333,4.833333333333333,4.516666666666667,P,1,4.857142857142857,34.0,5.0,5.0,5.0,5.0,5.0,5.0,4.0,machine_run_4,machine_annotation,Human,4.25,68.0,4.0,3.0,3.0,5.0,5.0,3.0,5.0,4.0,5.0,5.0,5.0,4.0,5.0,4.0,4.0,4.0
H002,5.0,4.75,2.583333333333333,4.333333333333333,4.833333333333333,4.3,P,2,5.0,35.0,5.0,5.0,5.0,5.0,5.0,5.0,5.0,machine_run_4,machine_annotation,Human,3.9375,63.0,4.0,3.0,3.0,5.0,5.0,2.0,4.0,4.0,5.0,5.0,5.0,3.0,5.0,2.0,4.0,4.0
H003,5.0,4.75,2.0,4.0,4.833333333333333,4.116666666666666,P,3,4.857142857142857,34.0,5.0,5.0,5.0,4.0,5.0,5.0,5.0,machine_run_4,machine_annotation,Human,3.8125,61.0,4.0,3.0,3.0,5.0,5.0,1.0,5.0,4.0,5.0,5.0,5.0,3.0,5.0,1.0,3.0,4.0
H004,5.0,4.75,1.75,4.0,5.0,4.1,P,4,5.0,35.0,5.0,5.0,5.0,5.0,5.0,5.0,5.0,machine_run_4,machine_annotation,Human,3.75,60.0,4.0,3.0,3.0,5.0,5.0,1.0,5.0,4.0,5.0,5.0,5.0,2.0,5.0,1.0,4.0,3.0
H005,5.0,4.75,2.0,4.333333333333333,5.0,4.216666666666667,P,5,5.0,35.0,5.0,5.0,5.0,5.0,5.0,5.0,5.0,machine_run_4,machine_annotation,Human,3.875,62.0,4.0,3.0,3.0,5.0,5.0,1.0,5.0,4.0,5.0,5.0,5.0,3.0,5.0,1.0,4.0,4.0
H006,5.0,4.75,2.833333333333333,4.333333333333333,5.0,4.383333333333333,P,6,5.0,35.0,5.0,5.0,5.0,5.0,5.0,5.0,5.0,machine_run_4,machine_annotation,Human,4.0625,65.0,4.0,3.0,3.0,5.0,5.0,2.0,5.0,4.0,5.0,5.0,5.0,4.0,5.0,2.0,4.0,4.0
H007,5.0,4.75,2.583333333333333,4.333333333333333,5.0,4.333333333333333,P,7,5.0,35.0,5.0,5.0,5.0,5.0,5.0,5.0,5.0,machine_run_4,machine_annotation,Human,4.0,64.0,4.0,3.0,3.0,5.0,5.0,2.0,5.0,4.0,5.0,5.0,5.0,3.0,5.0,2.0,4.0,4.0
H008,5.0,4.75,2.333333333333333,4.333333333333333,5.0,4.283333333333333,P,8,5.0,35.0,5.0,5.0,5.0,5.0,5.0,5.0,5.0,machine_run_4,machine_annotation,Human,3.9375,63.0,4.0,3.0,3.0,5.0,5.0,2.0,5.0,4.0,5.0,5.0,5.0,3.0,5.0,1.0,4.0,4.0
H009,4.833333333333333,4.75,2.583333333333333,4.333333333333333,4.611111111111112,4.222222222222222,P,9,4.714285714285714,33.0,5.0,5.0,5.0,5.0,5.0,4.0,4.0,machine_run_4,machine_annotation,Human,3.9375,63.0,4.0,3.0,3.0,5.0,5.0,2.0,5.0,3.0,5.0,5.0,5.0,3.0,5.0,2.0,4.0,4.0
H010,5.0,4.5,2.833333333333333,3.6666666666666665,5.0,4.2,P,10,5.0,35.0,5.0,5.0,5.0,5.0,5.0,5.0,5.0,machine_run_4,machine_annotation,Human,3.875,62.0,3.0,3.0,3.0,5.0,5.0,2.0,5.0,4.0,5.0,5.0,5.0,4.0,5.0,2.0,3.0,3.0
H011,5.0,4.75,2.583333333333333,4.333333333333333,5.0,4.333333333333333,P,11,5.0,35.0,5.0,5.0,5.0,5.0,5.0,5.0,5.0,machine_run_4,machine_annotation,Human,4.0,64.0,4.0,3.0,3.0,5.0,5.0,2.0,5.0,4.0,5.0,5.0,5.0,3.0,5.0,2.0,4.0,4.0
H012,5.0,4.5,3.9166666666666665,4.333333333333333,4.833333333333333,4.516666666666667,P,12,4.857142857142857,34.0,5.0,5.0,5.0,5.0,4.0,5.0,5.0,machine_run_4,machine_annotation,Human,4.25,68.0,4.0,3.0,4.0,5.0,5.0,3.0,4.0,4.0,5.0,5.0,5.0,4.0,5.0,4.0,4.0,4.0
H013,5.0,4.75,2.583333333333333,4.333333333333333,5.0,4.333333333333333,P,13,5.0,35.0,5.0,5.0,5.0,5.0,5.0,5.0,5.0,machine_run_4,machine_annotation,Human,4.0,64.0,4.0,3.0,3.0,5.0,5.0,2.0,5.0,4.0,5.0,5.0,5.0,3.0,5.0,2.0,4.0,4.0
H014,5.0,4.75,3.6666666666666665,4.333333333333333,5.0,4.55,P,14,5.0,35.0,5.0,5.0,5.0,5.0,5.0,5.0,5.0,machine_run_4,machine_annotation,Human,4.25,68.0,4.0,3.0,4.0,5.0,5.0,3.0,5.0,4.0,5.0,5.0,5.0,4.0,5.0,3.0,4.0,4.0
H015,5.0,4.75,2.583333333333333,4.333333333333333,5.0,4.333333333333333,P,15,5.0,35.0,5.0,5.0,5.0,5.0,5.0,5.0,5.0,machine_run_4,machine_annotation,Human,4.0,64.0,4.0,3.0,3.0,5.0,5.0,2.0,5.0,4.0,5.0,5.0,5.0,3.0,5.0,2.0,4.0,4.0
H016,5.0,4.75,2.0,4.0,4.833333333333333,4.116666666666666,P,16,4.857142857142857,34.0,5.0,5.0,5.0,4.0,5.0,5.0,5.0,machine_run_4,machine_annotation,Human,3.8125,61.0,4.0,3.0,3.0,5.0,5.0,1.0,5.0,4.0,5.0,5.0,5.0,3.0,5.0,1.0,4.0,3.0
H017,5.0,4.75,2.0,4.0,4.833333333333333,4.116666666666666,P,17,4.857142857142857,34.0,5.0,5.0,5.0,5.0,5.0,5.0,4.0,machine_run_4,machine_annotation,Human,3.8125,61.0,4.0,3.0,3.0,5.0,5.0,1.0,5.0,4.0,5.0,5.0,5.0,3.0,5.0,1.0,3.0,4.0
H018,5.0,4.75,3.6666666666666665,4.333333333333333,5.0,4.55,P,18,5.0,35.0,5.0,5.0,5.0,5.0,5.0,5.0,5.0,machine_run_4,machine_annotation,Human,4.25,68.0,4.0,3.0,4.0,5.0,5.0,3.0,5.0,4.0,5.0,5.0,5.0,4.0,5.0,3.0,4.0,4.0
H019,5.0,4.75,2.833333333333333,3.6666666666666665,5.0,4.25,P,19,5.0,35.0,5.0,5.0,5.0,5.0,5.0,5.0,5.0,machine_run_4,machine_annotation,Human,3.9375,63.0,4.0,3.0,3.0,5.0,3.0,2.0,5.0,4.0,5.0,5.0,5.0,4.0,5.0,2.0,4.0,4.0
H020,5.0,4.75,2.583333333333333,4.333333333333333,5.0,4.333333333333333,P,20,5.0,35.0,5.0,5.0,5.0,5.0,5.0,5.0,5.0,machine_run_4,machine_annotation,Human,4.0,64.0,4.0,3.0,3.0,5.0,5.0,2.0,5.0,4.0,5.0,5.0,5.0,4.0,5.0,1.0,4.0,4.0
H021,5.0,4.75,2.583333333333333,4.333333333333333,5.0,4.333333333333333,P,21,5.0,35.0,5.0,5.0,5.0,5.0,5.0,5.0,5.0,machine_run_4,machine_annotation,Human,4.0,64.0,4.0,3.0,3.0,5.0,5.0,2.0,5.0,4.0,5.0,5.0,5.0,3.0,5.0,2.0,4.0,4.0
H022,5.0,4.75,2.583333333333333,4.0,4.833333333333333,4.2333333333333325,P,22,5.0,35.0,5.0,5.0,5.0,5.0,5.0,5.0,5.0,machine_run_4,machine_annotation,Human,3.875,62.0,4.0,3.0,3.0,5.0,5.0,2.0,4.0,4.0,5.0,5.0,5.0,3.0,5.0,2.0,4.0,3.0
H023,5.0,4.5,3.333333333333333,4.333333333333333,5.0,4.433333333333333,P,23,5.0,35.0,5.0,5.0,5.0,5.0,5.0,5.0,5.0,machine_run_4,machine_annotation,Human,4.125,66.0,3.0,3.0,4.0,5.0,5.0,2.0,5.0,4.0,5.0,5.0,5.0,4.0,5.0,3.0,4.0,4.0
H024,5.0,4.75,3.6666666666666665,4.0,5.0,4.483333333333333,P,24,5.0,35.0,5.0,5.0,5.0,5.0,5.0,5.0,5.0,machine_run_4,machine_annotation,Human,4.1875,67.0,4.0,3.0,4.0,5.0,5.0,3.0,5.0,4.0,5.0,5.0,5.0,4.0,5.0,3.0,3.0,4.0
H025,5.0,4.75,2.583333333333333,4.333333333333333,4.833333333333333,4.3,P,25,4.857142857142857,34.0,5.0,5.0,5.0,5.0,5.0,5.0,4.0,machine_run_4,machine_annotation,Human,4.0,64.0,4.0,3.0,3.0,5.0,5.0,2.0,5.0,4.0,5.0,5.0,5.0,3.0,5.0,2.0,4.0,4.0
H026,4.833333333333333,4.75,3.6666666666666665,4.333333333333333,4.777777777777778,4.472222222222222,P,26,4.857142857142857,34.0,5.0,5.0,5.0,5.0,5.0,4.0,5.0,machine_run_4,machine_annotation,Human,4.1875,67.0,4.0,3.0,4.0,5.0,5.0,3.0,5.0,3.0,5.0,5.0,5.0,4.0,5.0,3.0,4.0,4.0
H027,4.833333333333333,4.75,3.6666666666666665,4.333333333333333,4.777777777777778,4.472222222222222,P,27,4.857142857142857,34.0,5.0,5.0,5.0,5.0,5.0,4.0,5.0,machine_run_4,machine_annotation,Human,4.1875,67.0,4.0,3.0,4.0,5.0,5.0,3.0,5.0,3.0,5.0,5.0,5.0,4.0,5.0,3.0,4.0,4.0
H028,5.0,4.75,3.6666666666666665,4.333333333333333,5.0,4.55,P,28,5.0,35.0,5.0,5.0,5.0,5.0,5.0,5.0,5.0,machine_run_4,machine_annotation,Human,4.25,68.0,4.0,3.0,4.0,5.0,5.0,3.0,5.0,4.0,5.0,5.0,5.0,4.0,5.0,3.0,4.0,4.0
H029,5.0,4.75,3.6666666666666665,4.333333333333333,5.0,4.55,P,29,5.0,35.0,5.0,5.0,5.0,5.0,5.0,5.0,5.0,machine_run_4,machine_annotation,Human,4.25,68.0,4.0,3.0,4.0,5.0,5.0,3.0,5.0,4.0,5.0,5.0,5.0,4.0,5.0,3.0,4.0,4.0
H030,5.0,4.75,3.6666666666666665,4.333333333333333,5.0,4.55,P,30,5.0,35.0,5.0,5.0,5.0,5.0,5.0,5.0,5.0,machine_run_4,machine_annotation,Human,4.25,68.0,4.0,3.0,4.0,5.0,5.0,3.0,5.0,4.0,5.0,5.0,5.0,4.0,5.0,3.0,4.0,4.0
H031,5.0,4.75,3.4166666666666665,4.0,5.0,4.433333333333334,P,31,5.0,35.0,5.0,5.0,5.0,5.0,5.0,5.0,5.0,machine_run_4,machine_annotation,Human,4.125,66.0,4.0,3.0,3.0,5.0,5.0,3.0,5.0,4.0,5.0,5.0,5.0,4.0,5.0,3.0,4.0,3.0
H032,5.0,4.75,3.4166666666666665,4.0,5.0,4.433333333333334,P,32,5.0,35.0,5.0,5.0,5.0,5.0,5.0,5.0,5.0,machine_run_4,machine_annotation,Human,4.125,66.0,4.0,3.0,3.0,5.0,5.0,3.0,5.0,4.0,5.0,5.0,5.0,4.0,5.0,3.0,4.0,3.0
H033,5.0,4.75,3.6666666666666665,4.333333333333333,4.833333333333333,4.516666666666667,P,33,4.857142857142857,34.0,5.0,5.0,5.0,4.0,5.0,5.0,5.0,machine_run_4,machine_annotation,Human,4.25,68.0,4.0,3.0,4.0,5.0,5.0,3.0,5.0,4.0,5.0,5.0,5.0,4.0,5.0,3.0,4.0,4.0
H034,5.0,4.75,3.6666666666666665,4.333333333333333,4.833333333333333,4.516666666666667,P,34,4.857142857142857,34.0,5.0,5.0,5.0,4.0,5.0,5.0,5.0,machine_run_4,machine_annotation,Human,4.25,68.0,4.0,3.0,4.0,5.0,5.0,3.0,5.0,4.0,5.0,5.0,5.0,4.0,5.0,3.0,4.0,4.0
H035,5.0,4.75,3.6666666666666665,4.333333333333333,5.0,4.55,P,35,5.0,35.0,5.0,5.0,5.0,5.0,5.0,5.0,5.0,machine_run_4,machine_annotation,Human,4.25,68.0,4.0,3.0,4.0,5.0,5.0,3.0,5.0,4.0,5.0,5.0,5.0,4.0,5.0,3.0,4.0,4.0
H036,5.0,4.75,3.6666666666666665,4.333333333333333,5.0,4.55,P,36,5.0,35.0,5.0,5.0,5.0,5.0,5.0,5.0,5.0,machine_run_4,machine_annotation,Human,4.25,68.0,4.0,3.0,4.0,5.0,5.0,3.0,5.0,4.0,5.0,5.0,5.0,4.0,5.0,3.0,4.0,4.0
H037,5.0,4.75,3.6666666666666665,4.333333333333333,5.0,4.55,P,37,5.0,35.0,5.0,5.0,5.0,5.0,5.0,5.0,5.0,machine_run_4,machine_annotation,Human,4.25,68.0,4.0,3.0,4.0,5.0,5.0,3.0,5.0,4.0,5.0,5.0,5.0,4.0,5.0,3.0,4.0,4.0
H038,5.0,4.5,3.6666666666666665,4.0,5.0,4.433333333333334,P,38,4.857142857142857,34.0,5.0,5.0,5.0,5.0,4.0,5.0,5.0,machine_run_4,machine_annotation,Human,4.1875,67.0,4.0,3.0,4.0,5.0,5.0,3.0,5.0,4.0,5.0,5.0,5.0,4.0,5.0,3.0,3.0,4.0
H039,5.0,4.5,3.6666666666666665,4.0,5.0,4.433333333333334,P,39,4.857142857142857,34.0,5.0,5.0,5.0,5.0,4.0,5.0,5.0,machine_run_4,machine_annotation,Human,4.1875,67.0,4.0,3.0,4.0,5.0,5.0,3.0,5.0,4.0,5.0,5.0,5.0,4.0,5.0,3.0,3.0,4.0
H040,5.0,4.75,4.0,4.333333333333333,4.833333333333333,4.583333333333333,P,40,5.0,35.0,5.0,5.0,5.0,5.0,5.0,5.0,5.0,machine_run_4,machine_annotation,Human,4.25,68.0,4.0,3.0,4.0,5.0,5.0,4.0,4.0,4.0,5.0,5.0,5.0,4.0,5.0,3.0,4.0,4.0
H041,5.0,4.75,4.0,4.333333333333333,4.833333333333333,4.583333333333333,P,41,5.0,35.0,5.0,5.0,5.0,5.0,5.0,5.0,5.0,machine_run_4,machine_annotation,Human,4.25,68.0,4.0,3.0,4.0,5.0,5.0,4.0,4.0,4.0,5.0,5.0,5.0,4.0,5.0,3.0,4.0,4.0
H042,5.0,4.75,4.0,4.333333333333333,4.833333333333333,4.583333333333333,P,42,5.0,35.0,5.0,5.0,5.0,5.0,5.0,5.0,5.0,machine_run_4,machine_annotation,Human,4.25,68.0,4.0,3.0,4.0,5.0,5.0,4.0,4.0,4.0,5.0,5.0,5.0,4.0,5.0,3.0,4.0,4.0
H043,5.0,4.75,3.083333333333333,4.0,4.833333333333333,4.333333333333333,P,43,4.857142857142857,34.0,5.0,5.0,5.0,5.0,5.0,5.0,4.0,machine_run_4,machine_annotation,Human,4.0625,65.0,4.0,3.0,4.0,5.0,5.0,2.0,5.0,4.0,5.0,5.0,5.0,4.0,5.0,2.0,4.0,3.0
H044,5.0,4.75,3.583333333333333,4.0,5.0,4.466666666666667,P,44,5.0,35.0,5.0,5.0,5.0,5.0,5.0,5.0,5.0,machine_run_4,machine_annotation,Human,4.1875,67.0,4.0,3.0,4.0,5.0,5.0,2.0,5.0,4.0,5.0,5.0,5.0,5.0,5.0,3.0,4.0,3.0
H045,5.0,4.75,3.6666666666666665,4.0,5.0,4.483333333333333,P,45,5.0,35.0,5.0,5.0,5.0,5.0,5.0,5.0,5.0,machine_run_4,machine_annotation,Human,4.1875,67.0,4.0,3.0,4.0,5.0,5.0,3.0,5.0,4.0,5.0,5.0,5.0,4.0,5.0,3.0,4.0,3.0
H046,5.0,4.5,3.083333333333333,4.0,5.0,4.316666666666666,P,46,5.0,35.0,5.0,5.0,5.0,5.0,5.0,5.0,5.0,machine_run_4,machine_annotation,Human,4.0,64.0,3.0,3.0,4.0,5.0,5.0,2.0,5.0,4.0,5.0,5.0,5.0,4.0,5.0,2.0,4.0,3.0
H047,5.0,4.75,2.583333333333333,4.0,5.0,4.266666666666667,P,47,5.0,35.0,5.0,5.0,5.0,5.0,5.0,5.0,5.0,machine_run_4,machine_annotation,Human,3.9375,63.0,4.0,3.0,3.0,5.0,5.0,2.0,5.0,4.0,5.0,5.0,5.0,3.0,5.0,2.0,4.0,3.0
H048,5.0,4.75,2.583333333333333,3.6666666666666665,5.0,4.2,P,48,5.0,35.0,5.0,5.0,5.0,5.0,5.0,5.0,5.0,machine_run_4,machine_annotation,Human,3.875,62.0,4.0,3.0,3.0,5.0,5.0,2.0,5.0,4.0,5.0,5.0,5.0,3.0,5.0,2.0,3.0,3.0
H049,5.0,4.75,2.583333333333333,4.0,5.0,4.266666666666667,P,49,5.0,35.0,5.0,5.0,5.0,5.0,5.0,5.0,5.0,machine_run_4,machine_annotation,Human,3.9375,63.0,4.0,3.0,3.0,5.0,5.0,2.0,5.0,4.0,5.0,5.0,5.0,3.0,5.0,2.0,4.0,3.0
H050,5.0,4.75,2.583333333333333,4.0,5.0,4.266666666666667,P,50,5.0,35.0,5.0,5.0,5.0,5.0,5.0,5.0,5.0,machine_run_4,machine_annotation,Human,3.9375,63.0,4.0,3.0,3.0,5.0,5.0,2.0,5.0,4.0,5.0,5.0,5.0,3.0,5.0,2.0,4.0,3.0
